rms_bin_lo,rms_bin_hi,pairs
0.0,0.25,17701
0.25,0.5,0
0.5,0.75,0
0.75,1.0,0
1.0,1.25,0
1.25,1.5,0
1.5,1.75,0
1.75,2.0,1
2.0,2.25,0
2.25,2.5,0
2.5,2.75,0
2.75,3.0,2
3.0,3.25,1
3.25,3.5,5
3.5,3.75,11
3.75,4.0,14
4.0,4.25,12
4.25,4.5,89
4.5,4.75,64
4.75,5.0,24
5.0,5.25,27
5.25,5.5,63
5.5,5.75,67
5.75,6.0,208
6.0,6.25,141
6.25,6.5,162
6.5,6.75,298
6.75,7.0,529
7.0,7.25,492
7.25,7.5,605
7.5,7.75,1076
7.75,8.0,509
8.0,8.25,607
8.25,8.5,385
8.5,8.75,452
8.75,9.0,617
9.0,9.25,1064
9.25,9.5,926
9.5,9.75,701
9.75,10.0,810
10.0,10.25,1391
10.25,10.5,1342
10.5,10.75,1646
10.75,11.0,1996
11.0,11.25,2046
11.25,11.5,1594
11.5,11.75,1777
11.75,12.0,2300
12.0,12.25,2275
12.25,12.5,2506
12.5,12.75,2611
12.75,13.0,7927
13.0,13.25,4260
13.25,13.5,3077
13.5,13.75,6910
13.75,14.0,7038
14.0,14.25,4491
14.25,14.5,4713
14.5,14.75,3814
14.75,15.0,6101
15.0,15.25,5814
15.25,15.5,6207
15.5,15.75,5338
15.75,16.0,5706
16.0,16.25,6052
16.25,16.5,6875
16.5,16.75,8004
16.75,17.0,10385
17.0,17.25,7876
17.25,17.5,8228
17.5,17.75,7769
17.75,18.0,8843
18.0,18.25,9182
18.25,18.5,10424
18.5,18.75,12820
18.75,19.0,10304
19.0,19.25,10200
19.25,19.5,14792
19.5,19.75,13977
19.75,20.0,15087
20.0,20.25,17462
20.25,20.5,14843
20.5,20.75,19161
20.75,21.0,17735
21.0,21.25,20960
21.25,21.5,16676
21.5,21.75,19081
21.75,22.0,18233
22.0,22.25,19383
22.25,22.5,20281
22.5,22.75,20740
22.75,23.0,22118
23.0,23.25,24174
23.25,23.5,24558
23.5,23.75,25369
23.75,24.0,23271
24.0,24.25,27525
24.25,24.5,25126
24.5,24.75,31080
24.75,25.0,30526
25.0,25.25,31826
25.25,25.5,29719
25.5,25.75,30280
25.75,26.0,37464
26.0,26.25,34306
26.25,26.5,34476
26.5,26.75,36180
26.75,27.0,38668
27.0,27.25,37962
27.25,27.5,38234
27.5,27.75,37653
27.75,28.0,41200
28.0,28.25,42328
28.25,28.5,42707
28.5,28.75,44821
28.75,29.0,47269
29.0,29.25,46445
29.25,29.5,45645
29.5,29.75,50042
29.75,30.0,51033
30.0,30.25,53873
30.25,30.5,53182
30.5,30.75,52391
30.75,31.0,55478
31.0,31.25,56002
31.25,31.5,56541
31.5,31.75,58713
31.75,32.0,58557
32.0,32.25,63700
32.25,32.5,61597
32.5,32.75,61537
32.75,33.0,66313
33.0,33.25,66728
33.25,33.5,67233
33.5,33.75,69122
33.75,34.0,68358
34.0,34.25,72747
34.25,34.5,71832
34.5,34.75,73785
34.75,35.0,81462
35.0,35.25,84197
35.25,35.5,78392
35.5,35.75,81488
35.75,36.0,81971
36.0,36.25,85416
36.25,36.5,86398
36.5,36.75,90001
36.75,37.0,93873
37.0,37.25,95312
37.25,37.5,96362
37.5,37.75,100453
37.75,38.0,96393
38.0,38.25,98265
38.25,38.5,105897
38.5,38.75,106260
38.75,39.0,105316
39.0,39.25,114826
39.25,39.5,116034
39.5,39.75,120571
39.75,40.0,117807
40.0,40.25,121224
40.25,40.5,122379
40.5,40.75,120656
40.75,41.0,126803
41.0,41.25,127770
41.25,41.5,130493
41.5,41.75,132616
41.75,42.0,138060
42.0,42.25,136224
42.25,42.5,138253
42.5,42.75,137684
42.75,43.0,143171
43.0,43.25,142540
43.25,43.5,143983
43.5,43.75,144963
43.75,44.0,146020
44.0,44.25,150833
44.25,44.5,149348
44.5,44.75,151615
44.75,45.0,152599
45.0,45.25,158694
45.25,45.5,156082
45.5,45.75,157418
45.75,46.0,159382
46.0,46.25,161359
46.25,46.5,163433
46.5,46.75,164686
46.75,47.0,164435
47.0,47.25,165835
47.25,47.5,168307
47.5,47.75,167670
47.75,48.0,170037
48.0,48.25,170217
48.25,48.5,171502
48.5,48.75,174168
48.75,49.0,170867
49.0,49.25,175517
49.25,49.5,177676
49.5,49.75,180108
49.75,50.0,180017
50.0,50.25,181928
50.25,50.5,182704
50.5,50.75,183861
50.75,51.0,187484
51.0,51.25,186397
51.25,51.5,188446
51.5,51.75,190312
51.75,52.0,192593
52.0,52.25,193433
52.25,52.5,194648
52.5,52.75,196167
52.75,53.0,197455
53.0,53.25,201495
53.25,53.5,202959
53.5,53.75,201703
53.75,54.0,204044
54.0,54.25,206394
54.25,54.5,205303
54.5,54.75,209006
54.75,55.0,211113
55.0,55.25,211147
55.25,55.5,213323
55.5,55.75,214878
55.75,56.0,215029
56.0,56.25,215094
56.25,56.5,218626
56.5,56.75,219512
56.75,57.0,221405
57.0,57.25,220727
57.25,57.5,223184
57.5,57.75,223721
57.75,58.0,225732
58.0,58.25,228516
58.25,58.5,228232
58.5,58.75,231824
58.75,59.0,232493
59.0,59.25,236174
59.25,59.5,235110
59.5,59.75,237758
59.75,60.0,238655
60.0,60.25,238893
60.25,60.5,241428
60.5,60.75,245443
60.75,61.0,248115
61.0,61.25,248111
61.25,61.5,253206
61.5,61.75,251994
61.75,62.0,256732
62.0,62.25,258314
62.25,62.5,258458
62.5,62.75,262587
62.75,63.0,263759
63.0,63.25,267164
63.25,63.5,269100
63.5,63.75,269562
63.75,64.0,271287
64.0,64.25,54
