gt_path,file,class_id_1,char_1,p_1,class_id_2,char_2,p_2,class_id_3,char_3,p_3,inverted,model
./test_dataset/ts_img_001,test_dataset/ts_img_00001.jpg,101,ก,0.9998,128,ภ,0.0001,118,ถ,0.0,False,stretch+augment (c80f69cf5af9)
./test_dataset/ts_img_002,test_dataset/ts_img_00002.jpg,102,ข,1.0,106,จ,0.0,108,ช,0.0,False,stretch+augment (c80f69cf5af9)
./test_dataset/ts_img_003,test_dataset/ts_img_00003.jpg,102,ข,0.9264,114,ฒ,0.0513,109,ซ,0.0102,False,stretch+augment (c80f69cf5af9)
./test_dataset/ts_img_004,test_dataset/ts_img_00004.jpg,104,ค,0.9988,101,ก,0.0005,133,ล,0.0004,False,stretch+augment (c80f69cf5af9)
./test_dataset/ts_img_00005,test_dataset/ts_img_00005.jpg,105,ง,0.9991,133,ล,0.0005,129,ม,0.0002,False,stretch+augment (c80f69cf5af9)
./test_dataset/ts_img_00006,test_dataset/ts_img_00006.jpg,106,จ,0.9998,112,ฐ,0.0001,203,า,0.0,False,stretch+augment (c80f69cf5af9)
./test_dataset/ts_img_00007,test_dataset/ts_img_00007.jpg,107,ฉ,0.9995,121,น,0.0003,140,อ,0.0002,False,stretch+augment (c80f69cf5af9)
./test_dataset/ts_img_00008,test_dataset/ts_img_00008.jpg,108,ช,0.9999,109,ซ,0.0001,102,ข,0.0,False,stretch+augment (c80f69cf5af9)
./test_dataset/ts_img_00009,test_dataset/ts_img_00009.jpg,109,ซ,0.9976,108,ช,0.0013,113,ฑ,0.0004,False,stretch+augment (c80f69cf5af9)
./test_dataset/ts_img_00010,test_dataset/ts_img_00010.jpg,110,ญ,0.9984,115,ณ,0.0011,133,ล,0.0002,False,stretch+augment (c80f69cf5af9)
./test_dataset/ts_img_00011,test_dataset/ts_img_00011.jpg,111,ฏ,0.9866,118,ถ,0.0106,128,ภ,0.0014,False,stretch+augment (c80f69cf5af9)
./test_dataset/ts_img_00012,test_dataset/ts_img_00012.jpg,112,ฐ,0.9989,120,ธ,0.0011,131,ร,0.0,False,stretch+augment (c80f69cf5af9)
./test_dataset/ts_img_00013,test_dataset/ts_img_00013.jpg,113,ฑ,0.5226,119,ท,0.1536,126,พ,0.0832,False,stretch+augment (c80f69cf5af9)
./test_dataset/ts_img_00014,test_dataset/ts_img_00014.jpg,114,ฒ,0.9999,124,ผ,0.0,220,๊,0.0,False,stretch+augment (c80f69cf5af9)
./test_dataset/ts_img_00015,test_dataset/ts_img_00015.jpg,115,ณ,1.0,121,น,0.0,107,ฉ,0.0,False,stretch+augment (c80f69cf5af9)
./test_dataset/ts_img_00016,test_dataset/ts_img_00016.jpg,116,ด,0.9987,117,ต,0.0011,104,ค,0.0001,False,stretch+augment (c80f69cf5af9)
./test_dataset/ts_img_00017,test_dataset/ts_img_00017.jpg,117,ต,1.0,114,ฒ,0.0,109,ซ,0.0,False,stretch+augment (c80f69cf5af9)
./test_dataset/ts_img_00018,test_dataset/ts_img_00018.jpg,132,ฤ,0.9952,140,อ,0.0025,106,จ,0.0011,False,stretch+augment (c80f69cf5af9)
./test_dataset/ts_img_00019,test_dataset/ts_img_00019.jpg,119,ท,0.9999,138,ห,0.0001,113,ฑ,0.0,False,stretch+augment (c80f69cf5af9)
./test_dataset/ts_img_00020,test_dataset/ts_img_00020.jpg,120,ธ,0.9884,112,ฐ,0.0109,131,ร,0.0002,False,stretch+augment (c80f69cf5af9)
./test_dataset/ts_img_00021,test_dataset/ts_img_00021.jpg,121,น,1.0,134,ว,0.0,115,ณ,0.0,False,stretch+augment (c80f69cf5af9)
./test_dataset/ts_img_00022,test_dataset/ts_img_00022.jpg,122,บ,0.6113,121,น,0.1969,123,ป,0.1081,False,stretch+augment (c80f69cf5af9)
./test_dataset/ts_img_00023,test_dataset/ts_img_00023.jpg,123,ป,1.0,127,ฟ,0.0,125,ฝ,0.0,False,stretch+augment (c80f69cf5af9)
./test_dataset/ts_img_00024,test_dataset/ts_img_00024.jpg,124,ผ,1.0,125,ฝ,0.0,204,ิ,0.0,False,stretch+augment (c80f69cf5af9)
./test_dataset/ts_img_00025,test_dataset/ts_img_00025.jpg,125,ฝ,0.998,124,ผ,0.002,127,ฟ,0.0,False,stretch+augment (c80f69cf5af9)
./test_dataset/ts_img_00026,test_dataset/ts_img_00026.jpg,127,ฟ,0.9986,139,ฬ,0.0011,125,ฝ,0.0003,False,stretch+augment (c80f69cf5af9)
./test_dataset/ts_img_00027,test_dataset/ts_img_00027.jpg,127,ฟ,0.9996,139,ฬ,0.0003,125,ฝ,0.0001,False,stretch+augment (c80f69cf5af9)
./test_dataset/ts_img_00028,test_dataset/ts_img_00028.jpg,128,ภ,0.9999,111,ฏ,0.0,133,ล,0.0,False,stretch+augment (c80f69cf5af9)
./test_dataset/ts_img_00029,test_dataset/ts_img_00029.jpg,129,ม,1.0,121,น,0.0,111,ฏ,0.0,False,stretch+augment (c80f69cf5af9)
./test_dataset/ts_img_00030,test_dataset/ts_img_00030.jpg,130,ย,1.0,141,ฮ,0.0,124,ผ,0.0,False,stretch+augment (c80f69cf5af9)
./test_dataset/ts_img_00031,test_dataset/ts_img_00031.jpg,131,ร,1.0,112,ฐ,0.0,120,ธ,0.0,False,stretch+augment (c80f69cf5af9)
./test_dataset/ts_img_00032,test_dataset/ts_img_00032.jpg,132,ฤ,0.9525,118,ถ,0.0387,106,จ,0.0023,False,stretch+augment (c80f69cf5af9)
./test_dataset/ts_img_00033,test_dataset/ts_img_00033.jpg,133,ล,0.9999,137,ส,0.0001,140,อ,0.0,False,stretch+augment (c80f69cf5af9)
./test_dataset/ts_img_00034,test_dataset/ts_img_00034.jpg,134,ว,0.9928,203,า,0.004,131,ร,0.0013,False,stretch+augment (c80f69cf5af9)
./test_dataset/ts_img_00035,test_dataset/ts_img_00035.jpg,135,ศ,0.9994,104,ค,0.0002,137,ส,0.0002,False,stretch+augment (c80f69cf5af9)
./test_dataset/ts_img_00036,test_dataset/ts_img_00036.jpg,136,ษ,0.9993,139,ฬ,0.0001,205,ี,0.0001,False,stretch+augment (c80f69cf5af9)
./test_dataset/ts_img_00037,test_dataset/ts_img_00037.jpg,137,ส,1.0,135,ศ,0.0,141,ฮ,0.0,False,stretch+augment (c80f69cf5af9)
./test_dataset/ts_img_00038,test_dataset/ts_img_00038.jpg,138,ห,1.0,121,น,0.0,306,๕,0.0,False,stretch+augment (c80f69cf5af9)
./test_dataset/ts_img_00039,test_dataset/ts_img_00039.jpg,139,ฬ,0.6787,138,ห,0.1716,121,น,0.0911,False,stretch+augment (c80f69cf5af9)
./test_dataset/ts_img_00040,test_dataset/ts_img_00040.jpg,140,อ,1.0,141,ฮ,0.0,130,ย,0.0,False,stretch+augment (c80f69cf5af9)
./test_dataset/ts_img_00041,test_dataset/ts_img_00041.jpg,141,ฮ,0.999,310,๙,0.0007,140,อ,0.0001,False,stretch+augment (c80f69cf5af9)
./test_dataset/ts_img_00042,test_dataset/ts_img_00042.jpg,201,ฯ,0.9973,216,ๆ,0.0023,214,ไ,0.0003,False,stretch+augment (c80f69cf5af9)
./test_dataset/ts_img_00043,test_dataset/ts_img_00043.jpg,123,ป,0.328,309,๘,0.1847,125,ฝ,0.1258,False,stretch+augment (c80f69cf5af9)
./test_dataset/ts_img_00044,test_dataset/ts_img_00044.jpg,203,า,0.5134,101,ก,0.3232,301,๐,0.0523,False,stretch+augment (c80f69cf5af9)
./test_dataset/ts_img_00045,test_dataset/ts_img_00045.jpg,204,ิ,0.7234,133,ล,0.264,205,ี,0.0085,False,stretch+augment (c80f69cf5af9)
./test_dataset/ts_img_00046,test_dataset/ts_img_00046.jpg,205,ี,0.8954,125,ฝ,0.0537,309,๘,0.0319,False,stretch+augment (c80f69cf5af9)
./test_dataset/ts_img_00047,test_dataset/ts_img_00047.jpg,217,็,0.4516,309,๘,0.3893,206,ึ,0.0717,False,stretch+augment (c80f69cf5af9)
./test_dataset/ts_img_00048,test_dataset/ts_img_00048.jpg,207,ื,0.6745,206,ึ,0.1532,139,ฬ,0.0269,False,stretch+augment (c80f69cf5af9)
./test_dataset/ts_img_00049,test_dataset/ts_img_00049.jpg,208,ุ,0.9903,209,ู,0.0087,105,ง,0.0005,False,stretch+augment (c80f69cf5af9)
./test_dataset/ts_img_00050,test_dataset/ts_img_00050.jpg,102,ข,0.6169,121,น,0.2046,209,ู,0.0695,False,stretch+augment (c80f69cf5af9)
./test_dataset/ts_img_00051,test_dataset/ts_img_00051.jpg,210,เ,0.9979,121,น,0.0011,211,แ,0.0003,False,stretch+augment (c80f69cf5af9)
./test_dataset/ts_img_00052,test_dataset/ts_img_00052.jpg,211,แ,0.9995,210,เ,0.0002,121,น,0.0002,False,stretch+augment (c80f69cf5af9)
./test_dataset/ts_img_00053,test_dataset/ts_img_00053.jpg,212,โ,1.0,210,เ,0.0,213,ใ,0.0,False,stretch+augment (c80f69cf5af9)
./test_dataset/ts_img_00054,test_dataset/ts_img_00054.jpg,213,ใ,0.9734,214,ไ,0.0159,210,เ,0.0058,False,stretch+augment (c80f69cf5af9)
./test_dataset/ts_img_00055,test_dataset/ts_img_00055.jpg,214,ไ,0.999,213,ใ,0.0006,210,เ,0.0002,False,stretch+augment (c80f69cf5af9)
./test_dataset/ts_img_00056,test_dataset/ts_img_00056.jpg,203,า,0.9993,215,ๅ,0.0003,134,ว,0.0002,False,stretch+augment (c80f69cf5af9)
./test_dataset/ts_img_00057,test_dataset/ts_img_00057.jpg,216,ๆ,1.0,132,ฤ,0.0,201,ฯ,0.0,False,stretch+augment (c80f69cf5af9)
./test_dataset/ts_img_00058,test_dataset/ts_img_00058.jpg,309,๘,0.7316,217,็,0.2518,125,ฝ,0.0066,False,stretch+augment (c80f69cf5af9)
./test_dataset/ts_img_00059,test_dataset/ts_img_00059.jpg,101,ก,0.2212,212,โ,0.2042,122,บ,0.1414,False,stretch+augment (c80f69cf5af9)
./test_dataset/ts_img_00060,test_dataset/ts_img_00060.jpg,219,้,0.9727,121,น,0.0238,306,๕,0.0016,False,stretch+augment (c80f69cf5af9)
./test_dataset/ts_img_00061,test_dataset/ts_img_00061.jpg,220,๊,0.4456,114,ฒ,0.4438,115,ณ,0.057,False,stretch+augment (c80f69cf5af9)
./test_dataset/ts_img_00062,test_dataset/ts_img_00062.jpg,221,์,0.9987,305,๔,0.0011,309,๘,0.0001,False,stretch+augment (c80f69cf5af9)
./test_dataset/ts_img_00063,test_dataset/ts_img_00063.jpg,301,๐,0.9997,302,๑,0.0001,304,๓,0.0,False,stretch+augment (c80f69cf5af9)
./test_dataset/ts_img_00064,test_dataset/ts_img_00064.jpg,302,๑,0.7353,133,ล,0.2323,116,ด,0.0169,False,stretch+augment (c80f69cf5af9)
./test_dataset/ts_img_00065,test_dataset/ts_img_00065.jpg,303,๒,0.999,307,๖,0.0004,309,๘,0.0004,False,stretch+augment (c80f69cf5af9)
./test_dataset/ts_img_00066,test_dataset/ts_img_00066.jpg,304,๓,0.9927,117,ต,0.0035,119,ท,0.0011,False,stretch+augment (c80f69cf5af9)
./test_dataset/ts_img_00067,test_dataset/ts_img_00067.jpg,305,๔,0.9849,309,๘,0.0114,303,๒,0.0012,False,stretch+augment (c80f69cf5af9)
./test_dataset/ts_img_00068,test_dataset/ts_img_00068.jpg,306,๕,0.7299,305,๔,0.2572,303,๒,0.0068,False,stretch+augment (c80f69cf5af9)
./test_dataset/ts_img_00069,test_dataset/ts_img_00069.jpg,307,๖,0.8928,303,๒,0.0218,309,๘,0.0186,False,stretch+augment (c80f69cf5af9)
./test_dataset/ts_img_00070,test_dataset/ts_img_00070.jpg,139,ฬ,0.3337,125,ฝ,0.2167,127,ฟ,0.1939,False,stretch+augment (c80f69cf5af9)
./test_dataset/ts_img_00071,test_dataset/ts_img_00071.jpg,309,๘,0.9823,217,็,0.0151,125,ฝ,0.0006,False,stretch+augment (c80f69cf5af9)
./test_dataset/ts_img_00072,test_dataset/ts_img_00072.jpg,309,๘,0.727,137,ส,0.1062,139,ฬ,0.1001,False,stretch+augment (c80f69cf5af9)
./test_dataset/ts_img_00073,test_dataset/ts_img_00073.jpg,130,ย,0.7495,102,ข,0.2386,301,๐,0.0046,False,stretch+augment (c80f69cf5af9)
./test_dataset/ts_img_00074,test_dataset/ts_img_00074.jpg,202,ั,0.9241,101,ก,0.0351,301,๐,0.0337,False,stretch+augment (c80f69cf5af9)
./test_dataset/ts_img_00075,test_dataset/ts_img_00075.jpg,130,ย,0.7021,102,ข,0.2904,140,อ,0.0028,False,stretch+augment (c80f69cf5af9)
./test_dataset/ts_img_00076,test_dataset/ts_img_00076.jpg,108,ช,0.8453,109,ซ,0.0776,306,๕,0.041,False,stretch+augment (c80f69cf5af9)
./test_dataset/ts_img_00077,test_dataset/ts_img_00077.jpg,108,ช,0.8642,306,๕,0.0647,141,ฮ,0.0241,False,stretch+augment (c80f69cf5af9)
./test_dataset/ts_img_00078,test_dataset/ts_img_00078.jpg,108,ช,0.3024,105,ง,0.2314,309,๘,0.1764,False,stretch+augment (c80f69cf5af9)
./test_dataset/ts_img_00079,test_dataset/ts_img_00079.jpg,301,๐,0.9481,140,อ,0.029,107,ฉ,0.009,False,stretch+augment (c80f69cf5af9)
./test_dataset/ts_img_00080,test_dataset/ts_img_00080.jpg,301,๐,0.7444,105,ง,0.0716,202,ั,0.0582,False,stretch+augment (c80f69cf5af9)
./test_dataset/ts_img_00081,test_dataset/ts_img_00081.jpg,115,ณ,0.6124,110,ญ,0.37,102,ข,0.0115,False,stretch+augment (c80f69cf5af9)
./test_dataset/ts_img_00082,test_dataset/ts_img_00082.jpg,104,ค,0.7945,133,ล,0.03,140,อ,0.0296,False,stretch+augment (c80f69cf5af9)
./test_dataset/ts_img_00083,test_dataset/ts_img_00083.jpg,111,ฏ,0.8712,118,ถ,0.0672,128,ภ,0.024,False,stretch+augment (c80f69cf5af9)
./test_dataset/ts_img_00084,test_dataset/ts_img_00084.jpg,130,ย,1.0,124,ผ,0.0,141,ฮ,0.0,False,stretch+augment (c80f69cf5af9)
./test_dataset/ts_img_00085,test_dataset/ts_img_00085.jpg,105,ง,0.8367,302,๑,0.0778,133,ล,0.0497,False,stretch+augment (c80f69cf5af9)
./test_dataset/ts_img_00086,test_dataset/ts_img_00086.jpg,101,ก,0.7949,132,ฤ,0.1425,118,ถ,0.039,False,stretch+augment (c80f69cf5af9)
./test_dataset/ts_img_00087,test_dataset/ts_img_00087.jpg,133,ล,0.9681,140,อ,0.0191,104,ค,0.0018,False,stretch+augment (c80f69cf5af9)
./test_dataset/ts_img_00088,test_dataset/ts_img_00088.jpg,301,๐,0.9986,105,ง,0.0011,302,๑,0.0001,False,stretch+augment (c80f69cf5af9)
./test_dataset/ts_img_00089,test_dataset/ts_img_00089.jpg,123,ป,0.6697,110,ญ,0.2674,102,ข,0.0329,False,stretch+augment (c80f69cf5af9)
./test_dataset/ts_img_00090,test_dataset/ts_img_00090.jpg,126,พ,0.975,114,ฒ,0.0176,220,๊,0.0034,False,stretch+augment (c80f69cf5af9)
./test_dataset/ts_img_00091,test_dataset/ts_img_00091.jpg,127,ฟ,0.5599,304,๓,0.2008,139,ฬ,0.0847,False,stretch+augment (c80f69cf5af9)
./test_dataset/ts_img_00092,test_dataset/ts_img_00092.jpg,101,ก,0.9997,128,ภ,0.0003,118,ถ,0.0,False,stretch+augment (c80f69cf5af9)
./test_dataset/ts_img_00093,test_dataset/ts_img_00093.jpg,301,๐,0.6,129,ม,0.1602,122,บ,0.1403,False,stretch+augment (c80f69cf5af9)
./test_dataset/ts_img_00094,test_dataset/ts_img_00094.jpg,205,ี,0.3981,309,๘,0.2757,210,เ,0.1712,False,stretch+augment (c80f69cf5af9)
./test_dataset/ts_img_00095,test_dataset/ts_img_00095.jpg,203,า,0.2717,212,โ,0.1242,218,่,0.1178,False,stretch+augment (c80f69cf5af9)
./test_dataset/ts_img_00096,test_dataset/ts_img_00096.jpg,205,ี,0.4179,309,๘,0.301,125,ฝ,0.1499,False,stretch+augment (c80f69cf5af9)
./test_dataset/ts_img_00097,test_dataset/ts_img_00097.jpg,309,๘,0.7773,217,็,0.0958,205,ี,0.0712,False,stretch+augment (c80f69cf5af9)
./test_dataset/ts_img_00098,test_dataset/ts_img_00098.jpg,123,ป,0.2559,106,จ,0.1568,307,๖,0.1347,False,stretch+augment (c80f69cf5af9)
./test_dataset/ts_img_00099,test_dataset/ts_img_00099.jpg,137,ส,0.9356,135,ศ,0.0256,141,ฮ,0.0186,False,stretch+augment (c80f69cf5af9)
./test_dataset/ts_img_00100,test_dataset/ts_img_00100.jpg,109,ซ,0.4021,108,ช,0.2078,139,ฬ,0.1845,False,stretch+augment (c80f69cf5af9)
./test_dataset/ts_img_00101,test_dataset/ts_img_00101.jpg,108,ช,0.4106,110,ญ,0.2946,109,ซ,0.1895,False,stretch+augment (c80f69cf5af9)
./test_dataset/ts_img_00102,test_dataset/ts_img_00102.jpg,140,อ,0.9752,301,๐,0.0242,141,ฮ,0.0004,False,stretch+augment (c80f69cf5af9)
./test_dataset/ts_img_00103,test_dataset/ts_img_00103.jpg,141,ฮ,0.9715,108,ช,0.015,309,๘,0.0039,False,stretch+augment (c80f69cf5af9)
./test_dataset/ts_img_00104,test_dataset/ts_img_00104.jpg,201,ฯ,0.8574,214,ไ,0.0836,109,ซ,0.023,False,stretch+augment (c80f69cf5af9)
./test_dataset/ts_img_00105,test_dataset/ts_img_00105.jpg,210,เ,0.9664,303,๒,0.0222,307,๖,0.0057,False,stretch+augment (c80f69cf5af9)
./test_dataset/ts_img_00106,test_dataset/ts_img_00106.jpg,204,ิ,0.5052,309,๘,0.2834,217,็,0.127,False,stretch+augment (c80f69cf5af9)
./test_dataset/ts_img_00107,test_dataset/ts_img_00107.jpg,218,่,0.9962,205,ี,0.0021,203,า,0.0006,False,stretch+augment (c80f69cf5af9)
./test_dataset/ts_img_00108,test_dataset/ts_img_00108.jpg,210,เ,0.9933,212,โ,0.005,213,ใ,0.0009,False,stretch+augment (c80f69cf5af9)
./test_dataset/ts_img_00109,test_dataset/ts_img_00109.jpg,212,โ,0.9996,101,ก,0.0004,131,ร,0.0,False,stretch+augment (c80f69cf5af9)
./test_dataset/ts_img_00110,test_dataset/ts_img_00110.jpg,216,ๆ,0.9946,201,ฯ,0.0046,132,ฤ,0.0003,False,stretch+augment (c80f69cf5af9)
./test_dataset/ts_img_00111,test_dataset/ts_img_00111.jpg,210,เ,0.9889,125,ฝ,0.0047,307,๖,0.0022,False,stretch+augment (c80f69cf5af9)
./test_dataset/ts_img_00112,test_dataset/ts_img_00112.jpg,303,๒,0.57,201,ฯ,0.0564,121,น,0.0495,False,stretch+augment (c80f69cf5af9)
./test_dataset/ts_img_00113,test_dataset/ts_img_00113.jpg,221,์,0.2548,131,ร,0.0865,140,อ,0.0727,False,stretch+augment (c80f69cf5af9)
./test_dataset/ts_img_00114,test_dataset/ts_img_00114.jpg,212,โ,0.9985,213,ใ,0.0007,203,า,0.0003,False,stretch+augment (c80f69cf5af9)
./test_dataset/ts_img_00115,test_dataset/ts_img_00115.jpg,203,า,0.9583,101,ก,0.0179,215,ๅ,0.0079,False,stretch+augment (c80f69cf5af9)
./test_dataset/ts_img_00116,test_dataset/ts_img_00116.jpg,301,๐,1.0,302,๑,0.0,304,๓,0.0,False,stretch+augment (c80f69cf5af9)
./test_dataset/ts_img_00117,test_dataset/ts_img_00117.jpg,302,๑,0.8947,116,ด,0.0604,140,อ,0.022,False,stretch+augment (c80f69cf5af9)
./test_dataset/ts_img_00118,test_dataset/ts_img_00118.jpg,307,๖,0.2234,309,๘,0.1731,301,๐,0.1474,False,stretch+augment (c80f69cf5af9)
./test_dataset/ts_img_00119,test_dataset/ts_img_00119.jpg,304,๓,0.7477,109,ซ,0.112,114,ฒ,0.0609,False,stretch+augment (c80f69cf5af9)
./test_dataset/ts_img_00120,test_dataset/ts_img_00120.jpg,305,๔,0.6458,309,๘,0.1004,306,๕,0.0998,False,stretch+augment (c80f69cf5af9)
./test_dataset/ts_img_00121,test_dataset/ts_img_00121.jpg,303,๒,0.8043,109,ซ,0.0888,136,ษ,0.0758,False,stretch+augment (c80f69cf5af9)
./test_dataset/ts_img_00122,test_dataset/ts_img_00122.jpg,309,๘,0.9845,217,็,0.0109,305,๔,0.0014,False,stretch+augment (c80f69cf5af9)
./test_dataset/ts_img_00123,test_dataset/ts_img_00123.jpg,117,ต,0.3716,304,๓,0.363,119,ท,0.1573,False,stretch+augment (c80f69cf5af9)
./test_dataset/ts_img_00124,test_dataset/ts_img_00124.jpg,101,ก,0.9672,119,ท,0.0301,113,ฑ,0.0005,False,stretch+augment (c80f69cf5af9)
./test_dataset/ts_img_00125,test_dataset/ts_img_00125.jpg,110,ญ,0.8004,304,๓,0.0601,102,ข,0.0476,False,stretch+augment (c80f69cf5af9)
./test_dataset/ts_img_00126,test_dataset/ts_img_00126.jpg,110,ญ,0.4575,115,ณ,0.415,102,ข,0.0737,False,stretch+augment (c80f69cf5af9)
./test_dataset/ts_img_00127,test_dataset/ts_img_00127.jpg,301,๐,0.6144,118,ถ,0.3815,302,๑,0.001,False,stretch+augment (c80f69cf5af9)
./test_dataset/ts_img_00128,test_dataset/ts_img_00128.jpg,101,ก,0.9999,118,ถ,0.0001,107,ฉ,0.0,False,stretch+augment (c80f69cf5af9)
./test_dataset/ts_img_00129,test_dataset/ts_img_00129.jpg,101,ก,0.994,119,ท,0.0041,301,๐,0.0014,False,stretch+augment (c80f69cf5af9)
./test_dataset/ts_img_00130,test_dataset/ts_img_00130.jpg,131,ร,0.7903,310,๙,0.1039,309,๘,0.0211,False,stretch+augment (c80f69cf5af9)
./test_dataset/ts_img_00131,test_dataset/ts_img_00131.jpg,121,น,0.7261,211,แ,0.1776,122,บ,0.0446,False,stretch+augment (c80f69cf5af9)
./test_dataset/ts_img_00132,test_dataset/ts_img_00132.jpg,122,บ,0.8983,129,ม,0.0287,121,น,0.0232,False,stretch+augment (c80f69cf5af9)
./test_dataset/ts_img_00133,test_dataset/ts_img_00133.jpg,121,น,0.2438,123,ป,0.2324,134,ว,0.0561,False,stretch+augment (c80f69cf5af9)
./test_dataset/ts_img_00134,test_dataset/ts_img_00134.jpg,110,ญ,0.8281,102,ข,0.1315,115,ณ,0.0192,False,stretch+augment (c80f69cf5af9)
./test_dataset/ts_img_00135,test_dataset/ts_img_00135.jpg,141,ฮ,0.4122,108,ช,0.3652,130,ย,0.1583,False,stretch+augment (c80f69cf5af9)
./test_dataset/ts_img_00136,test_dataset/ts_img_00136.jpg,108,ช,0.5889,141,ฮ,0.1452,136,ษ,0.1311,False,stretch+augment (c80f69cf5af9)
./test_dataset/ts_img_00137,test_dataset/ts_img_00137.jpg,305,๔,0.5355,309,๘,0.3248,217,็,0.0592,False,stretch+augment (c80f69cf5af9)
./test_dataset/ts_img_00138,test_dataset/ts_img_00138.jpg,105,ง,0.9782,125,ฝ,0.0038,134,ว,0.003,False,stretch+augment (c80f69cf5af9)
./test_dataset/ts_img_00139,test_dataset/ts_img_00139.jpg,101,ก,0.988,104,ค,0.007,133,ล,0.0012,False,stretch+augment (c80f69cf5af9)
./test_dataset/ts_img_00140,test_dataset/ts_img_00140.jpg,301,๐,0.9912,140,อ,0.002,141,ฮ,0.0017,False,stretch+augment (c80f69cf5af9)
./test_dataset/ts_img_00141,test_dataset/ts_img_00141.jpg,203,า,0.2477,208,ุ,0.2267,106,จ,0.1233,False,stretch+augment (c80f69cf5af9)
./test_dataset/ts_img_00142,test_dataset/ts_img_00142.jpg,130,ย,0.9978,102,ข,0.0021,122,บ,0.0001,False,stretch+augment (c80f69cf5af9)
./test_dataset/ts_img_00143,test_dataset/ts_img_00143.jpg,301,๐,0.3819,140,อ,0.337,111,ฏ,0.1718,False,stretch+augment (c80f69cf5af9)
./test_dataset/ts_img_00144,test_dataset/ts_img_00144.jpg,101,ก,0.6864,212,โ,0.3118,120,ธ,0.0007,False,stretch+augment (c80f69cf5af9)
./test_dataset/ts_img_00145,test_dataset/ts_img_00145.jpg,104,ค,0.8531,203,า,0.0623,133,ล,0.0204,False,stretch+augment (c80f69cf5af9)
./test_dataset/ts_img_00146,test_dataset/ts_img_00146.jpg,203,า,0.7588,106,จ,0.087,131,ร,0.0326,False,stretch+augment (c80f69cf5af9)
./test_dataset/ts_img_00147,test_dataset/ts_img_00147.jpg,304,๓,0.8922,117,ต,0.0259,105,ง,0.02,False,stretch+augment (c80f69cf5af9)
./test_dataset/ts_img_00148,test_dataset/ts_img_00148.jpg,101,ก,0.6225,203,า,0.3358,119,ท,0.02,False,stretch+augment (c80f69cf5af9)
./test_dataset/ts_img_00149,test_dataset/ts_img_00149.jpg,101,ก,0.6292,119,ท,0.2498,113,ฑ,0.0661,False,stretch+augment (c80f69cf5af9)
./test_dataset/ts_img_00150,test_dataset/ts_img_00150.jpg,122,บ,0.9627,123,ป,0.0266,301,๐,0.0034,False,stretch+augment (c80f69cf5af9)
./test_dataset/ts_img_00151,test_dataset/ts_img_00151.jpg,141,ฮ,0.2184,301,๐,0.178,310,๙,0.1282,False,stretch+augment (c80f69cf5af9)
./test_dataset/ts_img_00152,test_dataset/ts_img_00152.jpg,309,๘,0.4417,305,๔,0.2148,108,ช,0.1184,False,stretch+augment (c80f69cf5af9)
./test_dataset/ts_img_00153,test_dataset/ts_img_00153.jpg,122,บ,0.4927,301,๐,0.3048,210,เ,0.1409,False,stretch+augment (c80f69cf5af9)
./test_dataset/ts_img_00154,test_dataset/ts_img_00154.jpg,110,ญ,0.7495,102,ข,0.1685,122,บ,0.0475,False,stretch+augment (c80f69cf5af9)
./test_dataset/ts_img_00155,test_dataset/ts_img_00155.jpg,133,ล,0.8591,137,ส,0.0411,203,า,0.0276,False,stretch+augment (c80f69cf5af9)
./test_dataset/ts_img_00156,test_dataset/ts_img_00156.jpg,130,ย,0.9995,102,ข,0.0003,141,ฮ,0.0001,False,stretch+augment (c80f69cf5af9)
./test_dataset/ts_img_00157,test_dataset/ts_img_00157.jpg,101,ก,0.9963,104,ค,0.0017,128,ภ,0.0009,False,stretch+augment (c80f69cf5af9)
./test_dataset/ts_img_00158,test_dataset/ts_img_00158.jpg,110,ญ,0.7003,102,ข,0.2874,122,บ,0.0048,False,stretch+augment (c80f69cf5af9)
./test_dataset/ts_img_00159,test_dataset/ts_img_00159.jpg,303,๒,0.4728,125,ฝ,0.2726,210,เ,0.1493,False,stretch+augment (c80f69cf5af9)
./test_dataset/ts_img_00160,test_dataset/ts_img_00160.jpg,212,โ,0.8059,214,ไ,0.0348,101,ก,0.0322,False,stretch+augment (c80f69cf5af9)
./test_dataset/ts_img_00161,test_dataset/ts_img_00161.jpg,122,บ,0.7777,301,๐,0.1255,303,๒,0.0289,False,stretch+augment (c80f69cf5af9)
./test_dataset/ts_img_00162,test_dataset/ts_img_00162.jpg,123,ป,0.5458,122,บ,0.4218,210,เ,0.0096,False,stretch+augment (c80f69cf5af9)
./test_dataset/ts_img_00163,test_dataset/ts_img_00163.jpg,304,๓,0.4728,110,ญ,0.2818,114,ฒ,0.1184,False,stretch+augment (c80f69cf5af9)
./test_dataset/ts_img_00164,test_dataset/ts_img_00164.jpg,203,า,0.6126,101,ก,0.2559,104,ค,0.0391,False,stretch+augment (c80f69cf5af9)
./test_dataset/ts_img_00165,test_dataset/ts_img_00165.jpg,302,๑,0.8506,309,๘,0.0585,301,๐,0.018,False,stretch+augment (c80f69cf5af9)
./test_dataset/ts_img_00166,test_dataset/ts_img_00166.jpg,302,๑,0.4264,304,๓,0.2764,105,ง,0.067,False,stretch+augment (c80f69cf5af9)
./test_dataset/ts_img_00167,test_dataset/ts_img_00167.jpg,140,อ,0.7933,301,๐,0.0951,141,ฮ,0.0577,False,stretch+augment (c80f69cf5af9)
./test_dataset/ts_img_00168,test_dataset/ts_img_00168.jpg,210,เ,0.9989,303,๒,0.0004,309,๘,0.0004,False,stretch+augment (c80f69cf5af9)
./test_dataset/ts_img_00169,test_dataset/ts_img_00169.jpg,137,ส,0.9854,133,ล,0.0042,206,ึ,0.0028,False,stretch+augment (c80f69cf5af9)
./test_dataset/ts_img_00170,test_dataset/ts_img_00170.jpg,137,ส,0.4054,135,ศ,0.2392,139,ฬ,0.1639,False,stretch+augment (c80f69cf5af9)
./test_dataset/ts_img_00171,test_dataset/ts_img_00171.jpg,108,ช,0.4295,110,ญ,0.239,120,ธ,0.1012,False,stretch+augment (c80f69cf5af9)
./test_dataset/ts_img_00172,test_dataset/ts_img_00172.jpg,201,ฯ,0.5978,134,ว,0.1994,109,ซ,0.0654,False,stretch+augment (c80f69cf5af9)
./test_dataset/ts_img_00173,test_dataset/ts_img_00173.jpg,203,า,0.9986,134,ว,0.0004,215,ๅ,0.0003,False,stretch+augment (c80f69cf5af9)
./test_dataset/ts_img_00174,test_dataset/ts_img_00174.jpg,141,ฮ,0.4108,108,ช,0.3647,306,๕,0.0597,False,stretch+augment (c80f69cf5af9)
./test_dataset/ts_img_00175,test_dataset/ts_img_00175.jpg,121,น,0.4819,122,บ,0.4422,129,ม,0.0503,False,stretch+augment (c80f69cf5af9)
./test_dataset/ts_img_00176,test_dataset/ts_img_00176.jpg,309,๘,0.345,123,ป,0.2117,205,ี,0.1928,False,stretch+augment (c80f69cf5af9)
./test_dataset/ts_img_00177,test_dataset/ts_img_00177.jpg,135,ศ,0.7916,137,ส,0.0615,206,ึ,0.0272,False,stretch+augment (c80f69cf5af9)
./test_dataset/ts_img_00178,test_dataset/ts_img_00178.jpg,110,ญ,0.9752,102,ข,0.0164,122,บ,0.0082,False,stretch+augment (c80f69cf5af9)
./test_dataset/ts_img_00179,test_dataset/ts_img_00179.jpg,304,๓,0.5379,109,ซ,0.4306,301,๐,0.0143,False,stretch+augment (c80f69cf5af9)
./test_dataset/ts_img_00180,test_dataset/ts_img_00180.jpg,101,ก,0.4741,203,า,0.4393,104,ค,0.0224,False,stretch+augment (c80f69cf5af9)
./test_dataset/ts_img_00181,test_dataset/ts_img_00181.jpg,110,ญ,0.8538,123,ป,0.1245,102,ข,0.0104,False,stretch+augment (c80f69cf5af9)
./test_dataset/ts_img_00182,test_dataset/ts_img_00182.jpg,205,ี,0.6365,217,็,0.2716,309,๘,0.0645,False,stretch+augment (c80f69cf5af9)
./test_dataset/ts_img_00183,test_dataset/ts_img_00183.jpg,212,โ,0.3313,131,ร,0.2071,101,ก,0.085,False,stretch+augment (c80f69cf5af9)
./test_dataset/ts_img_00184,test_dataset/ts_img_00184.jpg,205,ี,0.8357,309,๘,0.1424,217,็,0.0087,False,stretch+augment (c80f69cf5af9)
./test_dataset/ts_img_00185,test_dataset/ts_img_00185.jpg,121,น,0.543,212,โ,0.2001,210,เ,0.1553,False,stretch+augment (c80f69cf5af9)
./test_dataset/ts_img_00186,test_dataset/ts_img_00186.jpg,212,โ,0.9213,131,ร,0.0557,213,ใ,0.0097,False,stretch+augment (c80f69cf5af9)
./test_dataset/ts_img_00187,test_dataset/ts_img_00187.jpg,203,า,0.9851,215,ๅ,0.0056,213,ใ,0.0018,False,stretch+augment (c80f69cf5af9)
./test_dataset/ts_img_00188,test_dataset/ts_img_00188.jpg,121,น,0.8597,122,บ,0.0703,211,แ,0.0482,False,stretch+augment (c80f69cf5af9)
./test_dataset/ts_img_00189,test_dataset/ts_img_00189.jpg,212,โ,0.5991,213,ใ,0.2187,210,เ,0.0784,False,stretch+augment (c80f69cf5af9)
./test_dataset/ts_img_00190,test_dataset/ts_img_00190.jpg,309,๘,0.5692,304,๓,0.0683,308,๗,0.0451,False,stretch+augment (c80f69cf5af9)
./test_dataset/ts_img_00191,test_dataset/ts_img_00191.jpg,123,ป,0.9972,210,เ,0.0017,305,๔,0.0003,False,stretch+augment (c80f69cf5af9)
./test_dataset/ts_img_00192,test_dataset/ts_img_00192.jpg,304,๓,0.5279,117,ต,0.3729,119,ท,0.0606,False,stretch+augment (c80f69cf5af9)
./test_dataset/ts_img_00193,test_dataset/ts_img_00193.jpg,301,๐,0.9978,141,ฮ,0.0004,304,๓,0.0004,False,stretch+augment (c80f69cf5af9)
./test_dataset/ts_img_00194,test_dataset/ts_img_00194.jpg,139,ฬ,0.5808,309,๘,0.1972,108,ช,0.0474,False,stretch+augment (c80f69cf5af9)
./test_dataset/ts_img_00195,test_dataset/ts_img_00195.jpg,307,๖,0.6168,105,ง,0.127,108,ช,0.1029,False,stretch+augment (c80f69cf5af9)
./test_dataset/ts_img_00196,test_dataset/ts_img_00196.jpg,309,๘,0.9378,305,๔,0.0274,217,็,0.0173,False,stretch+augment (c80f69cf5af9)
./test_dataset/ts_img_00197,test_dataset/ts_img_00197.jpg,308,๗,0.2052,303,๒,0.1675,139,ฬ,0.132,False,stretch+augment (c80f69cf5af9)
./test_dataset/ts_img_00198,test_dataset/ts_img_00198.jpg,303,๒,0.6555,136,ษ,0.3121,121,น,0.0098,False,stretch+augment (c80f69cf5af9)
./test_dataset/ts_img_00199,test_dataset/ts_img_00199.jpg,212,โ,0.8679,213,ใ,0.0504,203,า,0.0312,False,stretch+augment (c80f69cf5af9)
./test_dataset/ts_img_00200,test_dataset/ts_img_00200.jpg,212,โ,0.9948,213,ใ,0.0017,214,ไ,0.0014,False,stretch+augment (c80f69cf5af9)
./test_dataset/ts_img_00201,test_dataset/ts_img_00201.jpg,112,ฐ,0.9601,106,จ,0.0354,133,ล,0.0016,False,stretch+augment (c80f69cf5af9)
./test_dataset/ts_img_00202,test_dataset/ts_img_00202.jpg,111,ฏ,0.9987,118,ถ,0.0005,128,ภ,0.0005,False,stretch+augment (c80f69cf5af9)
./test_dataset/ts_img_00203,test_dataset/ts_img_00203.jpg,110,ญ,0.9998,115,ณ,0.0001,102,ข,0.0001,False,stretch+augment (c80f69cf5af9)
./test_dataset/ts_img_00204,test_dataset/ts_img_00204.jpg,109,ซ,0.9913,108,ช,0.0071,306,๕,0.0008,False,stretch+augment (c80f69cf5af9)
./test_dataset/ts_img_00205,test_dataset/ts_img_00205.jpg,108,ช,0.9934,109,ซ,0.0035,102,ข,0.0023,False,stretch+augment (c80f69cf5af9)
./test_dataset/ts_img_00206,test_dataset/ts_img_00206.jpg,107,ฉ,0.9962,121,น,0.003,115,ณ,0.0008,False,stretch+augment (c80f69cf5af9)
./test_dataset/ts_img_00207,test_dataset/ts_img_00207.jpg,127,ฟ,0.7035,139,ฬ,0.1814,125,ฝ,0.0345,False,stretch+augment (c80f69cf5af9)
./test_dataset/ts_img_00208,test_dataset/ts_img_00208.jpg,133,ล,0.5436,106,จ,0.4542,104,ค,0.001,False,stretch+augment (c80f69cf5af9)
./test_dataset/ts_img_00209,test_dataset/ts_img_00209.jpg,105,ง,1.0,302,๑,0.0,129,ม,0.0,False,stretch+augment (c80f69cf5af9)
./test_dataset/ts_img_00210,test_dataset/ts_img_00210.jpg,303,๒,0.8139,125,ฝ,0.0597,123,ป,0.0402,False,stretch+augment (c80f69cf5af9)
./test_dataset/ts_img_00211,test_dataset/ts_img_00211.jpg,102,ข,0.9996,108,ช,0.0004,103,ฃ,0.0,False,stretch+augment (c80f69cf5af9)
./test_dataset/ts_img_00212,test_dataset/ts_img_00212.jpg,124,ผ,1.0,121,น,0.0,125,ฝ,0.0,False,stretch+augment (c80f69cf5af9)
./test_dataset/ts_img_00213,test_dataset/ts_img_00213.jpg,123,ป,0.9999,122,บ,0.0,136,ษ,0.0,False,stretch+augment (c80f69cf5af9)
./test_dataset/ts_img_00214,test_dataset/ts_img_00214.jpg,122,บ,0.9987,123,ป,0.0011,121,น,0.0001,False,stretch+augment (c80f69cf5af9)
./test_dataset/ts_img_00215,test_dataset/ts_img_00215.jpg,117,ต,0.9473,109,ซ,0.016,114,ฒ,0.0131,False,stretch+augment (c80f69cf5af9)
./test_dataset/ts_img_00216,test_dataset/ts_img_00216.jpg,136,ษ,0.9991,121,น,0.0005,139,ฬ,0.0001,False,stretch+augment (c80f69cf5af9)
./test_dataset/ts_img_00217,test_dataset/ts_img_00217.jpg,135,ศ,0.9859,109,ซ,0.0045,117,ต,0.0027,False,stretch+augment (c80f69cf5af9)
./test_dataset/ts_img_00218,test_dataset/ts_img_00218.jpg,134,ว,0.856,131,ร,0.1238,203,า,0.0051,False,stretch+augment (c80f69cf5af9)
./test_dataset/ts_img_00219,test_dataset/ts_img_00219.jpg,303,๒,0.9998,125,ฝ,0.0,203,า,0.0,False,stretch+augment (c80f69cf5af9)
./test_dataset/ts_img_00220,test_dataset/ts_img_00220.jpg,133,ล,1.0,137,ส,0.0,106,จ,0.0,False,stretch+augment (c80f69cf5af9)
./test_dataset/ts_img_00221,test_dataset/ts_img_00221.jpg,101,ก,0.4657,118,ถ,0.4392,128,ภ,0.0345,False,stretch+augment (c80f69cf5af9)
./test_dataset/ts_img_00222,test_dataset/ts_img_00222.jpg,201,ฯ,0.9982,102,ข,0.0008,130,ย,0.0002,False,stretch+augment (c80f69cf5af9)
./test_dataset/ts_img_00223,test_dataset/ts_img_00223.jpg,141,ฮ,0.9678,140,อ,0.0161,310,๙,0.0047,False,stretch+augment (c80f69cf5af9)
./test_dataset/ts_img_00224,test_dataset/ts_img_00224.jpg,140,อ,0.9999,133,ล,0.0001,141,ฮ,0.0,False,stretch+augment (c80f69cf5af9)
./test_dataset/ts_img_00225,test_dataset/ts_img_00225.jpg,139,ฬ,0.7218,133,ล,0.0478,138,ห,0.0478,False,stretch+augment (c80f69cf5af9)
./test_dataset/ts_img_00226,test_dataset/ts_img_00226.jpg,307,๖,0.9315,302,๑,0.0195,303,๒,0.0135,False,stretch+augment (c80f69cf5af9)
./test_dataset/ts_img_00227,test_dataset/ts_img_00227.jpg,138,ห,0.7953,121,น,0.1448,139,ฬ,0.0472,False,stretch+augment (c80f69cf5af9)
./test_dataset/ts_img_00228,test_dataset/ts_img_00228.jpg,137,ส,0.9992,133,ล,0.0008,139,ฬ,0.0,False,stretch+augment (c80f69cf5af9)
./test_dataset/ts_img_00229,test_dataset/ts_img_00229.jpg,209,ู,0.8805,102,ข,0.115,122,บ,0.0028,False,stretch+augment (c80f69cf5af9)
./test_dataset/ts_img_00230,test_dataset/ts_img_00230.jpg,208,ุ,0.9333,105,ง,0.0328,203,า,0.0213,False,stretch+augment (c80f69cf5af9)
./test_dataset/ts_img_00231,test_dataset/ts_img_00231.jpg,205,ี,0.5983,207,ื,0.1843,125,ฝ,0.0533,False,stretch+augment (c80f69cf5af9)
./test_dataset/ts_img_00232,test_dataset/ts_img_00232.jpg,121,น,1.0,107,ฉ,0.0,115,ณ,0.0,False,stretch+augment (c80f69cf5af9)
./test_dataset/ts_img_00233,test_dataset/ts_img_00233.jpg,120,ธ,0.9987,112,ฐ,0.0005,310,๙,0.0004,False,stretch+augment (c80f69cf5af9)
./test_dataset/ts_img_00234,test_dataset/ts_img_00234.jpg,119,ท,0.9943,138,ห,0.0053,101,ก,0.0001,False,stretch+augment (c80f69cf5af9)
./test_dataset/ts_img_00235,test_dataset/ts_img_00235.jpg,309,๘,0.4213,217,็,0.2731,201,ฯ,0.0701,False,stretch+augment (c80f69cf5af9)
./test_dataset/ts_img_00236,test_dataset/ts_img_00236.jpg,221,์,0.9896,305,๔,0.0095,303,๒,0.0003,False,stretch+augment (c80f69cf5af9)
./test_dataset/ts_img_00237,test_dataset/ts_img_00237.jpg,220,๊,0.379,127,ฟ,0.3306,308,๗,0.09,False,stretch+augment (c80f69cf5af9)
./test_dataset/ts_img_00238,test_dataset/ts_img_00238.jpg,303,๒,0.2043,219,้,0.134,125,ฝ,0.0976,False,stretch+augment (c80f69cf5af9)
./test_dataset/ts_img_00239,test_dataset/ts_img_00239.jpg,212,โ,0.7376,123,ป,0.1822,210,เ,0.0255,False,stretch+augment (c80f69cf5af9)
./test_dataset/ts_img_00240,test_dataset/ts_img_00240.jpg,309,๘,0.8399,217,็,0.0725,303,๒,0.0402,False,stretch+augment (c80f69cf5af9)
./test_dataset/ts_img_00241,test_dataset/ts_img_00241.jpg,132,ฤ,0.498,216,ๆ,0.3279,117,ต,0.0879,False,stretch+augment (c80f69cf5af9)
./test_dataset/ts_img_00242,test_dataset/ts_img_00242.jpg,214,ไ,0.9965,213,ใ,0.0023,210,เ,0.0004,False,stretch+augment (c80f69cf5af9)
./test_dataset/ts_img_00243,test_dataset/ts_img_00243.jpg,102,ข,0.6121,214,ไ,0.1889,212,โ,0.1155,False,stretch+augment (c80f69cf5af9)
./test_dataset/ts_img_00244,test_dataset/ts_img_00244.jpg,211,แ,0.9274,121,น,0.0646,129,ม,0.005,False,stretch+augment (c80f69cf5af9)
./test_dataset/ts_img_00245,test_dataset/ts_img_00245.jpg,210,เ,0.8782,212,โ,0.1041,211,แ,0.0079,False,stretch+augment (c80f69cf5af9)
./test_dataset/ts_img_00246,test_dataset/ts_img_00246.jpg,101,ก,0.9998,128,ภ,0.0001,118,ถ,0.0,False,stretch+augment (c80f69cf5af9)
./test_dataset/ts_img_00247,test_dataset/ts_img_00247.jpg,137,ส,0.5795,139,ฬ,0.1577,108,ช,0.0317,False,stretch+augment (c80f69cf5af9)
./test_dataset/ts_img_00248,test_dataset/ts_img_00248.jpg,133,ล,0.7844,118,ถ,0.182,101,ก,0.0314,True,stretch+augment (c80f69cf5af9)
./test_dataset/ts_img_00249,test_dataset/ts_img_00249.jpg,205,ี,0.7176,125,ฝ,0.0857,309,๘,0.0634,True,stretch+augment (c80f69cf5af9)
./test_dataset/ts_img_00250,test_dataset/ts_img_00250.jpg,205,ี,0.6835,309,๘,0.132,133,ล,0.0941,True,stretch+augment (c80f69cf5af9)
./test_dataset/ts_img_00251,test_dataset/ts_img_00251.jpg,108,ช,1.0,109,ซ,0.0,120,ธ,0.0,False,stretch+augment (c80f69cf5af9)
./test_dataset/ts_img_00252,test_dataset/ts_img_00252.jpg,105,ง,1.0,129,ม,0.0,302,๑,0.0,False,stretch+augment (c80f69cf5af9)
./test_dataset/ts_img_00253,test_dataset/ts_img_00253.jpg,140,อ,0.9734,307,๖,0.0178,133,ล,0.0032,False,stretch+augment (c80f69cf5af9)
./test_dataset/ts_img_00254,test_dataset/ts_img_00254.jpg,101,ก,0.9943,104,ค,0.0049,128,ภ,0.0003,False,stretch+augment (c80f69cf5af9)
./test_dataset/ts_img_00255,test_dataset/ts_img_00255.jpg,104,ค,0.9999,135,ศ,0.0,203,า,0.0,False,stretch+augment (c80f69cf5af9)
./test_dataset/ts_img_00256,test_dataset/ts_img_00256.jpg,133,ล,0.6999,106,จ,0.2987,302,๑,0.0005,False,stretch+augment (c80f69cf5af9)
./test_dataset/ts_img_00257,test_dataset/ts_img_00257.jpg,107,ฉ,0.9972,121,น,0.0027,115,ณ,0.0001,False,stretch+augment (c80f69cf5af9)
./test_dataset/ts_img_00258,test_dataset/ts_img_00258.jpg,102,ข,0.9963,109,ซ,0.0015,114,ฒ,0.001,False,stretch+augment (c80f69cf5af9)
./test_dataset/ts_img_00259,test_dataset/ts_img_00259.jpg,110,ญ,0.9935,115,ณ,0.0043,102,ข,0.001,False,stretch+augment (c80f69cf5af9)
./test_dataset/ts_img_00260,test_dataset/ts_img_00260.jpg,109,ซ,0.8847,108,ช,0.1151,141,ฮ,0.0001,False,stretch+augment (c80f69cf5af9)
./test_dataset/ts_img_00261,test_dataset/ts_img_00261.jpg,118,ถ,0.9658,133,ล,0.0328,132,ฤ,0.0007,False,stretch+augment (c80f69cf5af9)
./test_dataset/ts_img_00262,test_dataset/ts_img_00262.jpg,122,บ,0.7301,102,ข,0.2244,209,ู,0.0244,False,stretch+augment (c80f69cf5af9)
./test_dataset/ts_img_00263,test_dataset/ts_img_00263.jpg,120,ธ,0.9999,112,ฐ,0.0001,108,ช,0.0,False,stretch+augment (c80f69cf5af9)
./test_dataset/ts_img_00264,test_dataset/ts_img_00264.jpg,119,ท,0.9936,138,ห,0.0044,121,น,0.0006,False,stretch+augment (c80f69cf5af9)
./test_dataset/ts_img_00265,test_dataset/ts_img_00265.jpg,305,๔,0.9887,309,๘,0.0087,306,๕,0.0017,False,stretch+augment (c80f69cf5af9)
./test_dataset/ts_img_00266,test_dataset/ts_img_00266.jpg,139,ฬ,0.3554,127,ฟ,0.2601,308,๗,0.1411,False,stretch+augment (c80f69cf5af9)
./test_dataset/ts_img_00267,test_dataset/ts_img_00267.jpg,115,ณ,0.9999,121,น,0.0001,107,ฉ,0.0,False,stretch+augment (c80f69cf5af9)
./test_dataset/ts_img_00268,test_dataset/ts_img_00268.jpg,124,ผ,1.0,125,ฝ,0.0,121,น,0.0,False,stretch+augment (c80f69cf5af9)
./test_dataset/ts_img_00269,test_dataset/ts_img_00269.jpg,114,ฒ,0.9993,304,๓,0.0002,115,ณ,0.0002,False,stretch+augment (c80f69cf5af9)
./test_dataset/ts_img_00270,test_dataset/ts_img_00270.jpg,123,ป,0.9994,122,บ,0.0002,129,ม,0.0001,False,stretch+augment (c80f69cf5af9)
./test_dataset/ts_img_00271,test_dataset/ts_img_00271.jpg,131,ร,0.8386,135,ศ,0.0288,203,า,0.0219,False,stretch+augment (c80f69cf5af9)
./test_dataset/ts_img_00272,test_dataset/ts_img_00272.jpg,128,ภ,0.7373,131,ร,0.0446,221,์,0.0347,False,stretch+augment (c80f69cf5af9)
./test_dataset/ts_img_00273,test_dataset/ts_img_00273.jpg,125,ฝ,0.8834,121,น,0.0637,124,ผ,0.0456,False,stretch+augment (c80f69cf5af9)
./test_dataset/ts_img_00274,test_dataset/ts_img_00274.jpg,309,๘,0.9661,217,็,0.0131,108,ช,0.0094,False,stretch+augment (c80f69cf5af9)
./test_dataset/ts_img_00275,test_dataset/ts_img_00275.jpg,127,ฟ,0.9985,126,พ,0.0007,139,ฬ,0.0006,False,stretch+augment (c80f69cf5af9)
./test_dataset/ts_img_00276,test_dataset/ts_img_00276.jpg,130,ย,1.0,124,ผ,0.0,102,ข,0.0,False,stretch+augment (c80f69cf5af9)
./test_dataset/ts_img_00277,test_dataset/ts_img_00277.jpg,132,ฤ,0.9001,118,ถ,0.0895,101,ก,0.0037,False,stretch+augment (c80f69cf5af9)
./test_dataset/ts_img_00278,test_dataset/ts_img_00278.jpg,133,ล,1.0,137,ส,0.0,118,ถ,0.0,False,stretch+augment (c80f69cf5af9)
./test_dataset/ts_img_00279,test_dataset/ts_img_00279.jpg,136,ษ,0.9985,121,น,0.0007,126,พ,0.0003,False,stretch+augment (c80f69cf5af9)
./test_dataset/ts_img_00280,test_dataset/ts_img_00280.jpg,129,ม,1.0,121,น,0.0,211,แ,0.0,False,stretch+augment (c80f69cf5af9)
./test_dataset/ts_img_00281,test_dataset/ts_img_00281.jpg,304,๓,0.809,117,ต,0.1541,119,ท,0.0135,False,stretch+augment (c80f69cf5af9)
./test_dataset/ts_img_00282,test_dataset/ts_img_00282.jpg,131,ร,0.6691,203,า,0.154,134,ว,0.1229,False,stretch+augment (c80f69cf5af9)
./test_dataset/ts_img_00283,test_dataset/ts_img_00283.jpg,131,ร,0.9995,212,โ,0.0001,221,์,0.0,False,stretch+augment (c80f69cf5af9)
./test_dataset/ts_img_00284,test_dataset/ts_img_00284.jpg,137,ส,1.0,139,ฬ,0.0,141,ฮ,0.0,False,stretch+augment (c80f69cf5af9)
./test_dataset/ts_img_00285,test_dataset/ts_img_00285.jpg,201,ฯ,0.9994,108,ช,0.0002,214,ไ,0.0001,False,stretch+augment (c80f69cf5af9)
./test_dataset/ts_img_00286,test_dataset/ts_img_00286.jpg,140,อ,0.9997,141,ฮ,0.0002,301,๐,0.0001,False,stretch+augment (c80f69cf5af9)
./test_dataset/ts_img_00287,test_dataset/ts_img_00287.jpg,203,า,0.9976,215,ๅ,0.0021,212,โ,0.0001,False,stretch+augment (c80f69cf5af9)
./test_dataset/ts_img_00288,test_dataset/ts_img_00288.jpg,202,ั,0.964,301,๐,0.0166,121,น,0.0051,False,stretch+augment (c80f69cf5af9)
./test_dataset/ts_img_00289,test_dataset/ts_img_00289.jpg,139,ฬ,0.8608,127,ฟ,0.1362,306,๕,0.0006,False,stretch+augment (c80f69cf5af9)
./test_dataset/ts_img_00290,test_dataset/ts_img_00290.jpg,206,ึ,0.8142,309,๘,0.0917,205,ี,0.0377,False,stretch+augment (c80f69cf5af9)
./test_dataset/ts_img_00291,test_dataset/ts_img_00291.jpg,208,ุ,0.7255,131,ร,0.0592,219,้,0.0513,False,stretch+augment (c80f69cf5af9)
./test_dataset/ts_img_00292,test_dataset/ts_img_00292.jpg,106,จ,0.8802,302,๑,0.0245,140,อ,0.0205,False,stretch+augment (c80f69cf5af9)
./test_dataset/ts_img_00293,test_dataset/ts_img_00293.jpg,207,ื,0.9841,206,ึ,0.0129,205,ี,0.0007,False,stretch+augment (c80f69cf5af9)
./test_dataset/ts_img_00294,test_dataset/ts_img_00294.jpg,133,ล,0.3788,205,ี,0.2905,204,ิ,0.1592,False,stretch+augment (c80f69cf5af9)
./test_dataset/ts_img_00295,test_dataset/ts_img_00295.jpg,309,๘,0.5649,125,ฝ,0.1101,307,๖,0.107,False,stretch+augment (c80f69cf5af9)
./test_dataset/ts_img_00296,test_dataset/ts_img_00296.jpg,102,ข,0.9999,108,ช,0.0001,103,ฃ,0.0,True,stretch+augment (c80f69cf5af9)
./test_dataset/ts_img_00297,test_dataset/ts_img_00297.jpg,133,ล,0.7069,309,๘,0.0706,302,๑,0.0656,True,stretch+augment (c80f69cf5af9)
./test_dataset/ts_img_00298,test_dataset/ts_img_00298.jpg,301,๐,0.9957,140,อ,0.0031,302,๑,0.0006,True,stretch+augment (c80f69cf5af9)
./test_dataset/ts_img_00299,test_dataset/ts_img_00299.jpg,303,๒,0.7991,109,ซ,0.0958,306,๕,0.0214,True,stretch+augment (c80f69cf5af9)
./test_dataset/ts_img_00300,test_dataset/ts_img_00300.jpg,130,ย,0.1904,121,น,0.1582,125,ฝ,0.1282,True,stretch+augment (c80f69cf5af9)
./test_dataset/ts_img_00301,test_dataset/ts_img_00301.jpg,118,ถ,0.6189,133,ล,0.2242,111,ฏ,0.0945,False,stretch+augment (c80f69cf5af9)
./test_dataset/ts_img_00302,test_dataset/ts_img_00302.jpg,301,๐,0.7815,140,อ,0.1923,118,ถ,0.0114,False,stretch+augment (c80f69cf5af9)
./test_dataset/ts_img_00303,test_dataset/ts_img_00303.jpg,301,๐,0.598,140,อ,0.117,123,ป,0.0936,False,stretch+augment (c80f69cf5af9)
./test_dataset/ts_img_00304,test_dataset/ts_img_00304.jpg,212,โ,0.6981,131,ร,0.1486,301,๐,0.057,False,stretch+augment (c80f69cf5af9)
./test_dataset/ts_img_00305,test_dataset/ts_img_00305.jpg,140,อ,0.9481,133,ล,0.0405,118,ถ,0.0042,False,stretch+augment (c80f69cf5af9)
./test_dataset/ts_img_00306,test_dataset/ts_img_00306.jpg,301,๐,0.3411,141,ฮ,0.1206,110,ญ,0.1155,False,stretch+augment (c80f69cf5af9)
./test_dataset/ts_img_00307,test_dataset/ts_img_00307.jpg,108,ช,0.5949,309,๘,0.1662,139,ฬ,0.0637,False,stretch+augment (c80f69cf5af9)
./test_dataset/ts_img_00308,test_dataset/ts_img_00308.jpg,122,บ,0.2781,301,๐,0.1425,109,ซ,0.1158,False,stretch+augment (c80f69cf5af9)
./test_dataset/ts_img_00309,test_dataset/ts_img_00309.jpg,301,๐,0.4793,211,แ,0.1403,110,ญ,0.0716,False,stretch+augment (c80f69cf5af9)
./test_dataset/ts_img_00310,test_dataset/ts_img_00310.jpg,120,ธ,0.2518,105,ง,0.245,140,อ,0.2412,False,stretch+augment (c80f69cf5af9)
./test_dataset/ts_img_00311,test_dataset/ts_img_00311.jpg,301,๐,0.7693,101,ก,0.1048,304,๓,0.0219,False,stretch+augment (c80f69cf5af9)
./test_dataset/ts_img_00312,test_dataset/ts_img_00312.jpg,105,ง,0.8495,123,ป,0.0324,301,๐,0.0298,False,stretch+augment (c80f69cf5af9)
./test_dataset/ts_img_00313,test_dataset/ts_img_00313.jpg,109,ซ,0.5767,304,๓,0.3812,130,ย,0.0084,False,stretch+augment (c80f69cf5af9)
./test_dataset/ts_img_00314,test_dataset/ts_img_00314.jpg,115,ณ,0.7946,110,ญ,0.1505,102,ข,0.0283,False,stretch+augment (c80f69cf5af9)
./test_dataset/ts_img_00315,test_dataset/ts_img_00315.jpg,304,๓,0.8286,109,ซ,0.0819,139,ฬ,0.0333,False,stretch+augment (c80f69cf5af9)
./test_dataset/ts_img_00316,test_dataset/ts_img_00316.jpg,101,ก,0.4681,212,โ,0.1128,110,ญ,0.0766,False,stretch+augment (c80f69cf5af9)
./test_dataset/ts_img_00317,test_dataset/ts_img_00317.jpg,141,ฮ,0.5463,130,ย,0.259,309,๘,0.0517,False,stretch+augment (c80f69cf5af9)
./test_dataset/ts_img_00318,test_dataset/ts_img_00318.jpg,109,ซ,0.3343,108,ช,0.2127,110,ญ,0.0589,False,stretch+augment (c80f69cf5af9)
./test_dataset/ts_img_00319,test_dataset/ts_img_00319.jpg,201,ฯ,0.428,119,ท,0.2526,109,ซ,0.1538,False,stretch+augment (c80f69cf5af9)
./test_dataset/ts_img_00320,test_dataset/ts_img_00320.jpg,109,ซ,0.7387,141,ฮ,0.1507,108,ช,0.0731,False,stretch+augment (c80f69cf5af9)
./test_dataset/ts_img_00321,test_dataset/ts_img_00321.jpg,109,ซ,0.1398,139,ฬ,0.133,303,๒,0.1259,False,stretch+augment (c80f69cf5af9)
./test_dataset/ts_img_00322,test_dataset/ts_img_00322.jpg,124,ผ,0.4294,125,ฝ,0.3979,201,ฯ,0.0475,False,stretch+augment (c80f69cf5af9)
./test_dataset/ts_img_00323,test_dataset/ts_img_00323.jpg,133,ล,0.7869,309,๘,0.1502,137,ส,0.0313,False,stretch+augment (c80f69cf5af9)
./test_dataset/ts_img_00324,test_dataset/ts_img_00324.jpg,130,ย,0.5187,109,ซ,0.1426,140,อ,0.0776,False,stretch+augment (c80f69cf5af9)
./test_dataset/ts_img_00325,test_dataset/ts_img_00325.jpg,137,ส,0.6119,141,ฮ,0.1439,139,ฬ,0.0762,False,stretch+augment (c80f69cf5af9)
./test_dataset/ts_img_00326,test_dataset/ts_img_00326.jpg,301,๐,0.7526,105,ง,0.1169,304,๓,0.0288,False,stretch+augment (c80f69cf5af9)
./test_dataset/ts_img_00327,test_dataset/ts_img_00327.jpg,133,ล,0.9816,137,ส,0.0046,140,อ,0.0024,False,stretch+augment (c80f69cf5af9)
./test_dataset/ts_img_00328,test_dataset/ts_img_00328.jpg,101,ก,0.2856,140,อ,0.1255,133,ล,0.1226,False,stretch+augment (c80f69cf5af9)
./test_dataset/ts_img_00329,test_dataset/ts_img_00329.jpg,105,ง,0.995,301,๐,0.0025,302,๑,0.0013,False,stretch+augment (c80f69cf5af9)
./test_dataset/ts_img_00330,test_dataset/ts_img_00330.jpg,214,ไ,0.3074,212,โ,0.2676,213,ใ,0.1141,False,stretch+augment (c80f69cf5af9)
./test_dataset/ts_img_00331,test_dataset/ts_img_00331.jpg,109,ซ,0.4044,141,ฮ,0.2902,301,๐,0.0544,False,stretch+augment (c80f69cf5af9)
./test_dataset/ts_img_00332,test_dataset/ts_img_00332.jpg,137,ส,0.4426,121,น,0.2989,139,ฬ,0.1506,False,stretch+augment (c80f69cf5af9)
./test_dataset/ts_img_00333,test_dataset/ts_img_00333.jpg,306,๕,0.5443,305,๔,0.2161,137,ส,0.073,False,stretch+augment (c80f69cf5af9)
./test_dataset/ts_img_00334,test_dataset/ts_img_00334.jpg,137,ส,0.9213,108,ช,0.0248,141,ฮ,0.0183,False,stretch+augment (c80f69cf5af9)
./test_dataset/ts_img_00335,test_dataset/ts_img_00335.jpg,121,น,0.4492,129,ม,0.2376,202,ั,0.0986,False,stretch+augment (c80f69cf5af9)
./test_dataset/ts_img_00336,test_dataset/ts_img_00336.jpg,212,โ,0.5546,123,ป,0.3767,213,ใ,0.0231,False,stretch+augment (c80f69cf5af9)
./test_dataset/ts_img_00337,test_dataset/ts_img_00337.jpg,309,๘,0.5373,105,ง,0.1694,123,ป,0.0872,False,stretch+augment (c80f69cf5af9)
./test_dataset/ts_img_00338,test_dataset/ts_img_00338.jpg,105,ง,0.544,309,๘,0.3364,123,ป,0.0457,False,stretch+augment (c80f69cf5af9)
./test_dataset/ts_img_00339,test_dataset/ts_img_00339.jpg,210,เ,0.9116,309,๘,0.0291,303,๒,0.0183,False,stretch+augment (c80f69cf5af9)
./test_dataset/ts_img_00340,test_dataset/ts_img_00340.jpg,120,ธ,0.2854,108,ช,0.2028,305,๔,0.1678,False,stretch+augment (c80f69cf5af9)
./test_dataset/ts_img_00341,test_dataset/ts_img_00341.jpg,301,๐,0.9988,302,๑,0.0005,105,ง,0.0002,False,stretch+augment (c80f69cf5af9)
./test_dataset/ts_img_00342,test_dataset/ts_img_00342.jpg,213,ใ,0.4528,212,โ,0.4091,214,ไ,0.0841,False,stretch+augment (c80f69cf5af9)
./test_dataset/ts_img_00343,test_dataset/ts_img_00343.jpg,212,โ,0.9797,210,เ,0.0093,123,ป,0.0019,False,stretch+augment (c80f69cf5af9)
./test_dataset/ts_img_00344,test_dataset/ts_img_00344.jpg,212,โ,0.534,214,ไ,0.0649,203,า,0.055,False,stretch+augment (c80f69cf5af9)
./test_dataset/ts_img_00345,test_dataset/ts_img_00345.jpg,203,า,0.7893,212,โ,0.1934,215,ๅ,0.0058,False,stretch+augment (c80f69cf5af9)
./test_dataset/ts_img_00346,test_dataset/ts_img_00346.jpg,101,ก,0.3364,110,ญ,0.2237,122,บ,0.1015,False,stretch+augment (c80f69cf5af9)
./test_dataset/ts_img_00347,test_dataset/ts_img_00347.jpg,212,โ,0.5709,210,เ,0.4193,131,ร,0.0034,False,stretch+augment (c80f69cf5af9)
./test_dataset/ts_img_00348,test_dataset/ts_img_00348.jpg,221,์,0.8755,303,๒,0.0566,305,๔,0.0385,False,stretch+augment (c80f69cf5af9)
./test_dataset/ts_img_00349,test_dataset/ts_img_00349.jpg,201,ฯ,0.6224,309,๘,0.0968,125,ฝ,0.0674,False,stretch+augment (c80f69cf5af9)
./test_dataset/ts_img_00350,test_dataset/ts_img_00350.jpg,210,เ,0.9893,303,๒,0.0036,309,๘,0.0022,False,stretch+augment (c80f69cf5af9)
./test_dataset/ts_img_00351,test_dataset/ts_img_00351.jpg,101,ก,0.9998,128,ภ,0.0001,107,ฉ,0.0,False,stretch+augment (c80f69cf5af9)
./test_dataset/ts_img_00352,test_dataset/ts_img_00352.jpg,102,ข,0.6641,122,บ,0.1012,121,น,0.0888,False,stretch+augment (c80f69cf5af9)
./test_dataset/ts_img_00353,test_dataset/ts_img_00353.jpg,135,ศ,0.7224,137,ส,0.2336,217,็,0.019,False,stretch+augment (c80f69cf5af9)
./test_dataset/ts_img_00354,test_dataset/ts_img_00354.jpg,104,ค,0.945,101,ก,0.0252,133,ล,0.019,False,stretch+augment (c80f69cf5af9)
./test_dataset/ts_img_00355,test_dataset/ts_img_00355.jpg,212,โ,0.9998,131,ร,0.0001,101,ก,0.0001,False,stretch+augment (c80f69cf5af9)
./test_dataset/ts_img_00356,test_dataset/ts_img_00356.jpg,108,ช,0.5463,221,์,0.3288,109,ซ,0.0681,False,stretch+augment (c80f69cf5af9)
./test_dataset/ts_img_00357,test_dataset/ts_img_00357.jpg,108,ช,0.6195,221,์,0.1597,109,ซ,0.0996,False,stretch+augment (c80f69cf5af9)
./test_dataset/ts_img_00358,test_dataset/ts_img_00358.jpg,110,ญ,0.8654,115,ณ,0.0811,102,ข,0.0377,False,stretch+augment (c80f69cf5af9)
./test_dataset/ts_img_00359,test_dataset/ts_img_00359.jpg,112,ฐ,0.9791,131,ร,0.011,120,ธ,0.0032,False,stretch+augment (c80f69cf5af9)
./test_dataset/ts_img_00360,test_dataset/ts_img_00360.jpg,119,ท,0.9265,113,ฑ,0.03,304,๓,0.017,False,stretch+augment (c80f69cf5af9)
./test_dataset/ts_img_00361,test_dataset/ts_img_00361.jpg,127,ฟ,0.2686,303,๒,0.2024,125,ฝ,0.141,False,stretch+augment (c80f69cf5af9)
./test_dataset/ts_img_00362,test_dataset/ts_img_00362.jpg,109,ซ,0.3064,113,ฑ,0.17,303,๒,0.1262,False,stretch+augment (c80f69cf5af9)
./test_dataset/ts_img_00363,test_dataset/ts_img_00363.jpg,115,ณ,0.9985,121,น,0.0009,107,ฉ,0.0002,False,stretch+augment (c80f69cf5af9)
./test_dataset/ts_img_00364,test_dataset/ts_img_00364.jpg,119,ท,0.9825,138,ห,0.0057,113,ฑ,0.0034,False,stretch+augment (c80f69cf5af9)
./test_dataset/ts_img_00365,test_dataset/ts_img_00365.jpg,212,โ,0.8142,121,น,0.1023,213,ใ,0.0196,False,stretch+augment (c80f69cf5af9)
./test_dataset/ts_img_00366,test_dataset/ts_img_00366.jpg,112,ฐ,0.7821,120,ธ,0.1493,131,ร,0.0453,False,stretch+augment (c80f69cf5af9)
./test_dataset/ts_img_00367,test_dataset/ts_img_00367.jpg,121,น,0.9993,107,ฉ,0.0003,306,๕,0.0001,False,stretch+augment (c80f69cf5af9)
./test_dataset/ts_img_00368,test_dataset/ts_img_00368.jpg,213,ใ,0.8411,121,น,0.0425,212,โ,0.029,False,stretch+augment (c80f69cf5af9)
./test_dataset/ts_img_00369,test_dataset/ts_img_00369.jpg,123,ป,0.9949,303,๒,0.0025,307,๖,0.0005,False,stretch+augment (c80f69cf5af9)
./test_dataset/ts_img_00370,test_dataset/ts_img_00370.jpg,125,ฝ,0.9441,127,ฟ,0.0277,303,๒,0.0092,False,stretch+augment (c80f69cf5af9)
./test_dataset/ts_img_00371,test_dataset/ts_img_00371.jpg,126,พ,0.3807,121,น,0.1877,114,ฒ,0.1638,False,stretch+augment (c80f69cf5af9)
./test_dataset/ts_img_00372,test_dataset/ts_img_00372.jpg,141,ฮ,0.4196,108,ช,0.2575,109,ซ,0.1255,False,stretch+augment (c80f69cf5af9)
./test_dataset/ts_img_00373,test_dataset/ts_img_00373.jpg,127,ฟ,0.8204,125,ฝ,0.1318,303,๒,0.0155,False,stretch+augment (c80f69cf5af9)
./test_dataset/ts_img_00374,test_dataset/ts_img_00374.jpg,214,ไ,0.4073,212,โ,0.3357,213,ใ,0.0748,False,stretch+augment (c80f69cf5af9)
./test_dataset/ts_img_00375,test_dataset/ts_img_00375.jpg,305,๔,0.6172,306,๕,0.3503,309,๘,0.0147,False,stretch+augment (c80f69cf5af9)
./test_dataset/ts_img_00376,test_dataset/ts_img_00376.jpg,101,ก,0.9952,128,ภ,0.0028,119,ท,0.0013,False,stretch+augment (c80f69cf5af9)
./test_dataset/ts_img_00377,test_dataset/ts_img_00377.jpg,130,ย,0.9694,140,อ,0.0228,141,ฮ,0.0023,False,stretch+augment (c80f69cf5af9)
./test_dataset/ts_img_00378,test_dataset/ts_img_00378.jpg,101,ก,0.9996,128,ภ,0.0001,107,ฉ,0.0001,False,stretch+augment (c80f69cf5af9)
./test_dataset/ts_img_00379,test_dataset/ts_img_00379.jpg,127,ฟ,0.4237,125,ฝ,0.1895,139,ฬ,0.1031,False,stretch+augment (c80f69cf5af9)
./test_dataset/ts_img_00380,test_dataset/ts_img_00380.jpg,129,ม,0.2738,303,๒,0.1874,210,เ,0.0731,False,stretch+augment (c80f69cf5af9)
./test_dataset/ts_img_00381,test_dataset/ts_img_00381.jpg,121,น,0.9962,138,ห,0.0016,220,๊,0.0008,False,stretch+augment (c80f69cf5af9)
./test_dataset/ts_img_00382,test_dataset/ts_img_00382.jpg,140,อ,0.999,141,ฮ,0.0004,301,๐,0.0002,False,stretch+augment (c80f69cf5af9)
./test_dataset/ts_img_00383,test_dataset/ts_img_00383.jpg,201,ฯ,0.8318,214,ไ,0.16,109,ซ,0.0027,False,stretch+augment (c80f69cf5af9)
./test_dataset/ts_img_00384,test_dataset/ts_img_00384.jpg,221,์,0.6712,201,ฯ,0.3097,217,็,0.0087,False,stretch+augment (c80f69cf5af9)
./test_dataset/ts_img_00385,test_dataset/ts_img_00385.jpg,214,ไ,0.5512,121,น,0.1762,213,ใ,0.0751,False,stretch+augment (c80f69cf5af9)
./test_dataset/ts_img_00386,test_dataset/ts_img_00386.jpg,309,๘,0.2728,221,์,0.1824,217,็,0.1404,False,stretch+augment (c80f69cf5af9)
./test_dataset/ts_img_00387,test_dataset/ts_img_00387.jpg,303,๒,0.4822,221,์,0.2251,309,๘,0.1283,False,stretch+augment (c80f69cf5af9)
./test_dataset/ts_img_00388,test_dataset/ts_img_00388.jpg,214,ไ,0.5145,213,ใ,0.3145,203,า,0.0724,False,stretch+augment (c80f69cf5af9)
./test_dataset/ts_img_00389,test_dataset/ts_img_00389.jpg,201,ฯ,0.9634,203,า,0.0144,214,ไ,0.0107,False,stretch+augment (c80f69cf5af9)
./test_dataset/ts_img_00390,test_dataset/ts_img_00390.jpg,212,โ,0.9625,121,น,0.0191,210,เ,0.0041,False,stretch+augment (c80f69cf5af9)
./test_dataset/ts_img_00391,test_dataset/ts_img_00391.jpg,108,ช,0.429,119,ท,0.1173,206,ึ,0.0516,False,stretch+augment (c80f69cf5af9)
./test_dataset/ts_img_00392,test_dataset/ts_img_00392.jpg,212,โ,0.6235,121,น,0.0877,129,ม,0.0458,False,stretch+augment (c80f69cf5af9)
./test_dataset/ts_img_00393,test_dataset/ts_img_00393.jpg,121,น,0.1853,213,ใ,0.1658,131,ร,0.1041,False,stretch+augment (c80f69cf5af9)
./test_dataset/ts_img_00394,test_dataset/ts_img_00394.jpg,210,เ,0.5152,125,ฝ,0.3262,303,๒,0.0909,False,stretch+augment (c80f69cf5af9)
./test_dataset/ts_img_00395,test_dataset/ts_img_00395.jpg,221,์,0.9986,309,๘,0.0004,305,๔,0.0004,False,stretch+augment (c80f69cf5af9)
./test_dataset/ts_img_00396,test_dataset/ts_img_00396.jpg,305,๔,0.9488,309,๘,0.032,206,ึ,0.0072,False,stretch+augment (c80f69cf5af9)
./test_dataset/ts_img_00397,test_dataset/ts_img_00397.jpg,122,บ,0.4571,102,ข,0.4261,121,น,0.0334,False,stretch+augment (c80f69cf5af9)
./test_dataset/ts_img_00398,test_dataset/ts_img_00398.jpg,105,ง,0.7175,201,ฯ,0.1225,108,ช,0.0967,False,stretch+augment (c80f69cf5af9)
./test_dataset/ts_img_00399,test_dataset/ts_img_00399.jpg,305,๔,0.4297,309,๘,0.1713,206,ึ,0.1248,False,stretch+augment (c80f69cf5af9)
./test_dataset/ts_img_00400,test_dataset/ts_img_00400.jpg,221,์,0.2833,108,ช,0.2485,309,๘,0.1073,False,stretch+augment (c80f69cf5af9)
./test_dataset/ts_img_00401,test_dataset/ts_img_00401.jpg,221,์,0.6914,134,ว,0.1088,309,๘,0.0448,False,stretch+augment (c80f69cf5af9)
./test_dataset/ts_img_00402,test_dataset/ts_img_00402.jpg,102,ข,0.3184,121,น,0.1674,306,๕,0.125,False,stretch+augment (c80f69cf5af9)
./test_dataset/ts_img_00403,test_dataset/ts_img_00403.jpg,309,๘,0.3368,134,ว,0.2114,125,ฝ,0.1171,False,stretch+augment (c80f69cf5af9)
./test_dataset/ts_img_00404,test_dataset/ts_img_00404.jpg,108,ช,0.6446,203,า,0.1136,201,ฯ,0.1077,False,stretch+augment (c80f69cf5af9)
./test_dataset/ts_img_00405,test_dataset/ts_img_00405.jpg,221,์,0.9466,305,๔,0.0373,217,็,0.0062,False,stretch+augment (c80f69cf5af9)
./test_dataset/ts_img_00406,test_dataset/ts_img_00406.jpg,131,ร,0.5938,212,โ,0.3318,203,า,0.0453,False,stretch+augment (c80f69cf5af9)
./test_dataset/ts_img_00407,test_dataset/ts_img_00407.jpg,306,๕,0.2455,305,๔,0.2371,303,๒,0.1969,False,stretch+augment (c80f69cf5af9)
./test_dataset/ts_img_00408,test_dataset/ts_img_00408.jpg,121,น,0.9995,115,ณ,0.0003,107,ฉ,0.0001,False,stretch+augment (c80f69cf5af9)
./test_dataset/ts_img_00409,test_dataset/ts_img_00409.jpg,221,์,0.2914,131,ร,0.2808,304,๓,0.1019,False,stretch+augment (c80f69cf5af9)
./test_dataset/ts_img_00410,test_dataset/ts_img_00410.jpg,138,ห,0.3586,105,ง,0.2728,121,น,0.146,False,stretch+augment (c80f69cf5af9)
./test_dataset/ts_img_00411,test_dataset/ts_img_00411.jpg,131,ร,0.8281,134,ว,0.0945,125,ฝ,0.0226,False,stretch+augment (c80f69cf5af9)
./test_dataset/ts_img_00412,test_dataset/ts_img_00412.jpg,120,ธ,0.8389,141,ฮ,0.1297,112,ฐ,0.0229,False,stretch+augment (c80f69cf5af9)
./test_dataset/ts_img_00413,test_dataset/ts_img_00413.jpg,102,ข,0.9773,130,ย,0.005,202,ั,0.0035,False,stretch+augment (c80f69cf5af9)
./test_dataset/ts_img_00414,test_dataset/ts_img_00414.jpg,105,ง,0.9842,102,ข,0.0034,133,ล,0.0026,False,stretch+augment (c80f69cf5af9)
./test_dataset/ts_img_00415,test_dataset/ts_img_00415.jpg,134,ว,0.341,309,๘,0.2761,203,า,0.1328,False,stretch+augment (c80f69cf5af9)
./test_dataset/ts_img_00416,test_dataset/ts_img_00416.jpg,128,ภ,0.7171,101,ก,0.2337,133,ล,0.0228,False,stretch+augment (c80f69cf5af9)
./test_dataset/ts_img_00417,test_dataset/ts_img_00417.jpg,221,์,0.3135,131,ร,0.1941,304,๓,0.1506,False,stretch+augment (c80f69cf5af9)
./test_dataset/ts_img_00418,test_dataset/ts_img_00418.jpg,221,์,0.9842,309,๘,0.0047,217,็,0.0042,False,stretch+augment (c80f69cf5af9)
./test_dataset/ts_img_00419,test_dataset/ts_img_00419.jpg,139,ฬ,0.8807,203,า,0.0395,138,ห,0.0219,False,stretch+augment (c80f69cf5af9)
./test_dataset/ts_img_00420,test_dataset/ts_img_00420.jpg,140,อ,0.773,102,ข,0.0535,108,ช,0.0512,False,stretch+augment (c80f69cf5af9)
./test_dataset/ts_img_00421,test_dataset/ts_img_00421.jpg,309,๘,0.6511,134,ว,0.1148,305,๔,0.0332,False,stretch+augment (c80f69cf5af9)
./test_dataset/ts_img_00422,test_dataset/ts_img_00422.jpg,131,ร,0.3254,304,๓,0.1705,221,์,0.1397,False,stretch+augment (c80f69cf5af9)
./test_dataset/ts_img_00423,test_dataset/ts_img_00423.jpg,203,า,0.2218,134,ว,0.2148,306,๕,0.1151,False,stretch+augment (c80f69cf5af9)
./test_dataset/ts_img_00424,test_dataset/ts_img_00424.jpg,105,ง,0.7496,203,า,0.2156,212,โ,0.015,False,stretch+augment (c80f69cf5af9)
./test_dataset/ts_img_00425,test_dataset/ts_img_00425.jpg,221,์,0.9748,217,็,0.0091,309,๘,0.0068,False,stretch+augment (c80f69cf5af9)
./test_dataset/ts_img_00426,test_dataset/ts_img_00426.jpg,121,น,0.4751,303,๒,0.4498,210,เ,0.0542,False,stretch+augment (c80f69cf5af9)
./test_dataset/ts_img_00427,test_dataset/ts_img_00427.jpg,309,๘,0.4943,305,๔,0.3775,306,๕,0.0462,False,stretch+augment (c80f69cf5af9)
./test_dataset/ts_img_00428,test_dataset/ts_img_00428.jpg,125,ฝ,0.732,309,๘,0.2461,308,๗,0.01,False,stretch+augment (c80f69cf5af9)
./test_dataset/ts_img_00429,test_dataset/ts_img_00429.jpg,102,ข,0.9878,109,ซ,0.0038,114,ฒ,0.0035,False,stretch+augment (c80f69cf5af9)
./test_dataset/ts_img_00430,test_dataset/ts_img_00430.jpg,309,๘,0.3121,217,็,0.1509,139,ฬ,0.1293,False,stretch+augment (c80f69cf5af9)
./test_dataset/ts_img_00431,test_dataset/ts_img_00431.jpg,221,์,0.3274,309,๘,0.2077,131,ร,0.1358,False,stretch+augment (c80f69cf5af9)
./test_dataset/ts_img_00432,test_dataset/ts_img_00432.jpg,303,๒,0.4822,125,ฝ,0.2622,123,ป,0.1603,False,stretch+augment (c80f69cf5af9)
./test_dataset/ts_img_00433,test_dataset/ts_img_00433.jpg,125,ฝ,0.5356,309,๘,0.1921,304,๓,0.0921,False,stretch+augment (c80f69cf5af9)
./test_dataset/ts_img_00434,test_dataset/ts_img_00434.jpg,140,อ,0.9985,104,ค,0.0012,106,จ,0.0001,False,stretch+augment (c80f69cf5af9)
./test_dataset/ts_img_00435,test_dataset/ts_img_00435.jpg,221,์,0.9931,305,๔,0.0036,217,็,0.0016,False,stretch+augment (c80f69cf5af9)
./test_dataset/ts_img_00436,test_dataset/ts_img_00436.jpg,201,ฯ,0.9863,216,ๆ,0.0131,102,ข,0.0004,False,stretch+augment (c80f69cf5af9)
./test_dataset/ts_img_00437,test_dataset/ts_img_00437.jpg,221,์,0.8598,131,ร,0.046,309,๘,0.0452,False,stretch+augment (c80f69cf5af9)
./test_dataset/ts_img_00438,test_dataset/ts_img_00438.jpg,221,์,0.9875,217,็,0.0033,305,๔,0.002,False,stretch+augment (c80f69cf5af9)
./test_dataset/ts_img_00439,test_dataset/ts_img_00439.jpg,219,้,0.4252,221,์,0.1111,125,ฝ,0.0935,False,stretch+augment (c80f69cf5af9)
./test_dataset/ts_img_00440,test_dataset/ts_img_00440.jpg,221,์,0.9995,305,๔,0.0002,217,็,0.0001,False,stretch+augment (c80f69cf5af9)
./test_dataset/ts_img_00441,test_dataset/ts_img_00441.jpg,110,ญ,0.9003,115,ณ,0.0665,102,ข,0.0319,False,stretch+augment (c80f69cf5af9)
./test_dataset/ts_img_00442,test_dataset/ts_img_00442.jpg,304,๓,0.3243,113,ฑ,0.3212,119,ท,0.1767,False,stretch+augment (c80f69cf5af9)
./test_dataset/ts_img_00443,test_dataset/ts_img_00443.jpg,210,เ,0.9717,303,๒,0.0105,121,น,0.0043,False,stretch+augment (c80f69cf5af9)
./test_dataset/ts_img_00444,test_dataset/ts_img_00444.jpg,221,์,0.9983,305,๔,0.0005,135,ศ,0.0005,False,stretch+augment (c80f69cf5af9)
./test_dataset/ts_img_00445,test_dataset/ts_img_00445.jpg,121,น,0.98,115,ณ,0.0196,124,ผ,0.0002,False,stretch+augment (c80f69cf5af9)
./test_dataset/ts_img_00446,test_dataset/ts_img_00446.jpg,133,ล,0.9914,137,ส,0.0083,140,อ,0.0001,False,stretch+augment (c80f69cf5af9)
./test_dataset/ts_img_00447,test_dataset/ts_img_00447.jpg,104,ค,0.8884,101,ก,0.1024,140,อ,0.0041,False,stretch+augment (c80f69cf5af9)
./test_dataset/ts_img_00448,test_dataset/ts_img_00448.jpg,115,ณ,0.9835,121,น,0.0164,107,ฉ,0.0,False,stretch+augment (c80f69cf5af9)
./test_dataset/ts_img_00449,test_dataset/ts_img_00449.jpg,201,ฯ,0.6493,221,์,0.2075,309,๘,0.0583,False,stretch+augment (c80f69cf5af9)
./test_dataset/ts_img_00450,test_dataset/ts_img_00450.jpg,221,์,0.9764,135,ศ,0.0054,217,็,0.0044,False,stretch+augment (c80f69cf5af9)
./test_dataset/ts_img_00451,test_dataset/ts_img_00451.jpg,221,์,0.9822,309,๘,0.007,305,๔,0.0058,True,stretch+augment (c80f69cf5af9)
./test_dataset/ts_img_00452,test_dataset/ts_img_00452.jpg,133,ล,0.3652,111,ฏ,0.1787,140,อ,0.0778,True,stretch+augment (c80f69cf5af9)
./test_dataset/ts_img_00453,test_dataset/ts_img_00453.jpg,221,์,0.7748,131,ร,0.0468,309,๘,0.0415,True,stretch+augment (c80f69cf5af9)
./test_dataset/ts_img_00454,test_dataset/ts_img_00454.jpg,138,ห,0.9962,306,๕,0.0032,121,น,0.0005,True,stretch+augment (c80f69cf5af9)
./test_dataset/ts_img_00455,test_dataset/ts_img_00455.jpg,309,๘,0.2503,221,์,0.171,217,็,0.1299,True,stretch+augment (c80f69cf5af9)
./test_dataset/ts_img_00456,test_dataset/ts_img_00456.jpg,114,ฒ,0.958,126,พ,0.0125,207,ื,0.0119,True,stretch+augment (c80f69cf5af9)
./test_dataset/ts_img_00457,test_dataset/ts_img_00457.jpg,212,โ,0.9446,101,ก,0.0412,121,น,0.01,True,stretch+augment (c80f69cf5af9)
./test_dataset/ts_img_00458,test_dataset/ts_img_00458.jpg,108,ช,0.624,306,๕,0.0778,203,า,0.073,True,stretch+augment (c80f69cf5af9)
./test_dataset/ts_img_00459,test_dataset/ts_img_00459.jpg,129,ม,0.9959,125,ฝ,0.0031,133,ล,0.0005,True,stretch+augment (c80f69cf5af9)
./test_dataset/ts_img_00460,test_dataset/ts_img_00460.jpg,107,ฉ,0.8924,121,น,0.0694,115,ณ,0.0176,True,stretch+augment (c80f69cf5af9)
./test_dataset/ts_img_00461,test_dataset/ts_img_00461.jpg,126,พ,0.7026,139,ฬ,0.1129,127,ฟ,0.1071,False,stretch+augment (c80f69cf5af9)
./test_dataset/ts_img_00462,test_dataset/ts_img_00462.jpg,131,ร,0.9998,212,โ,0.0001,120,ธ,0.0,False,stretch+augment (c80f69cf5af9)
./test_dataset/ts_img_00463,test_dataset/ts_img_00463.jpg,304,๓,0.5801,108,ช,0.1169,119,ท,0.0789,False,stretch+augment (c80f69cf5af9)
./test_dataset/ts_img_00464,test_dataset/ts_img_00464.jpg,117,ต,0.9999,114,ฒ,0.0,112,ฐ,0.0,False,stretch+augment (c80f69cf5af9)
./test_dataset/ts_img_00465,test_dataset/ts_img_00465.jpg,212,โ,0.9991,131,ร,0.0005,203,า,0.0002,False,stretch+augment (c80f69cf5af9)
./test_dataset/ts_img_00466,test_dataset/ts_img_00466.jpg,133,ล,0.5751,140,อ,0.2049,111,ฏ,0.0414,False,stretch+augment (c80f69cf5af9)
./test_dataset/ts_img_00467,test_dataset/ts_img_00467.jpg,116,ด,0.9996,140,อ,0.0001,104,ค,0.0001,False,stretch+augment (c80f69cf5af9)
./test_dataset/ts_img_00468,test_dataset/ts_img_00468.jpg,104,ค,0.9925,101,ก,0.006,216,ๆ,0.0007,False,stretch+augment (c80f69cf5af9)
./test_dataset/ts_img_00469,test_dataset/ts_img_00469.jpg,305,๔,0.8885,221,์,0.0981,303,๒,0.0063,False,stretch+augment (c80f69cf5af9)
./test_dataset/ts_img_00470,test_dataset/ts_img_00470.jpg,133,ล,0.2407,131,ร,0.2224,140,อ,0.0571,False,stretch+augment (c80f69cf5af9)
./test_dataset/ts_img_00471,test_dataset/ts_img_00471.jpg,140,อ,0.9367,302,๑,0.0556,306,๕,0.0034,False,stretch+augment (c80f69cf5af9)
./test_dataset/ts_img_00472,test_dataset/ts_img_00472.jpg,138,ห,0.9999,306,๕,0.0,121,น,0.0,False,stretch+augment (c80f69cf5af9)
./test_dataset/ts_img_00473,test_dataset/ts_img_00473.jpg,203,า,0.2142,221,์,0.2018,303,๒,0.0877,False,stretch+augment (c80f69cf5af9)
./test_dataset/ts_img_00474,test_dataset/ts_img_00474.jpg,212,โ,0.6001,131,ร,0.3035,203,า,0.0641,False,stretch+augment (c80f69cf5af9)
./test_dataset/ts_img_00475,test_dataset/ts_img_00475.jpg,301,๐,0.9812,140,อ,0.0079,108,ช,0.0026,False,stretch+augment (c80f69cf5af9)
./test_dataset/ts_img_00476,test_dataset/ts_img_00476.jpg,305,๔,0.3687,309,๘,0.321,306,๕,0.2263,False,stretch+augment (c80f69cf5af9)
./test_dataset/ts_img_00477,test_dataset/ts_img_00477.jpg,119,ท,0.9991,138,ห,0.0002,113,ฑ,0.0002,False,stretch+augment (c80f69cf5af9)
./test_dataset/ts_img_00478,test_dataset/ts_img_00478.jpg,140,อ,0.9847,141,ฮ,0.0094,108,ช,0.0011,False,stretch+augment (c80f69cf5af9)
./test_dataset/ts_img_00479,test_dataset/ts_img_00479.jpg,133,ล,0.4388,106,จ,0.4058,105,ง,0.0469,False,stretch+augment (c80f69cf5af9)
./test_dataset/ts_img_00480,test_dataset/ts_img_00480.jpg,211,แ,0.6788,121,น,0.1813,115,ณ,0.1285,False,stretch+augment (c80f69cf5af9)
./test_dataset/ts_img_00481,test_dataset/ts_img_00481.jpg,108,ช,0.7213,309,๘,0.0864,201,ฯ,0.0839,False,stretch+augment (c80f69cf5af9)
./test_dataset/ts_img_00482,test_dataset/ts_img_00482.jpg,309,๘,0.768,141,ฮ,0.0967,310,๙,0.0332,False,stretch+augment (c80f69cf5af9)
./test_dataset/ts_img_00483,test_dataset/ts_img_00483.jpg,201,ฯ,0.9624,309,๘,0.0216,125,ฝ,0.0069,False,stretch+augment (c80f69cf5af9)
./test_dataset/ts_img_00484,test_dataset/ts_img_00484.jpg,221,์,0.9789,201,ฯ,0.0066,217,็,0.0042,False,stretch+augment (c80f69cf5af9)
./test_dataset/ts_img_00485,test_dataset/ts_img_00485.jpg,309,๘,0.2903,305,๔,0.2292,221,์,0.1638,False,stretch+augment (c80f69cf5af9)
./test_dataset/ts_img_00486,test_dataset/ts_img_00486.jpg,133,ล,0.3894,104,ค,0.3279,140,อ,0.2635,False,stretch+augment (c80f69cf5af9)
./test_dataset/ts_img_00487,test_dataset/ts_img_00487.jpg,303,๒,0.3755,210,เ,0.293,307,๖,0.1305,False,stretch+augment (c80f69cf5af9)
./test_dataset/ts_img_00488,test_dataset/ts_img_00488.jpg,108,ช,0.2099,102,ข,0.1136,139,ฬ,0.075,False,stretch+augment (c80f69cf5af9)
./test_dataset/ts_img_00489,test_dataset/ts_img_00489.jpg,108,ช,0.3987,306,๕,0.2943,112,ฐ,0.1167,False,stretch+augment (c80f69cf5af9)
./test_dataset/ts_img_00490,test_dataset/ts_img_00490.jpg,128,ภ,0.93,129,ม,0.042,133,ล,0.0156,False,stretch+augment (c80f69cf5af9)
./test_dataset/ts_img_00491,test_dataset/ts_img_00491.jpg,140,อ,0.9575,203,า,0.0267,306,๕,0.0039,False,stretch+augment (c80f69cf5af9)
./test_dataset/ts_img_00492,test_dataset/ts_img_00492.jpg,106,จ,0.6284,108,ช,0.1122,133,ล,0.0828,True,stretch+augment (c80f69cf5af9)
./test_dataset/ts_img_00493,test_dataset/ts_img_00493.jpg,203,า,0.9555,114,ฒ,0.0413,215,ๅ,0.0014,False,stretch+augment (c80f69cf5af9)
./test_dataset/ts_img_00494,test_dataset/ts_img_00494.jpg,107,ฉ,0.3908,309,๘,0.1802,203,า,0.1492,False,stretch+augment (c80f69cf5af9)
./test_dataset/ts_img_00495,test_dataset/ts_img_00495.jpg,133,ล,0.9969,137,ส,0.0023,108,ช,0.0002,False,stretch+augment (c80f69cf5af9)
./test_dataset/ts_img_00496,test_dataset/ts_img_00496.jpg,203,า,0.6278,106,จ,0.1021,112,ฐ,0.0916,False,stretch+augment (c80f69cf5af9)
./test_dataset/ts_img_00497,test_dataset/ts_img_00497.jpg,131,ร,0.9994,309,๘,0.0001,112,ฐ,0.0001,True,stretch+augment (c80f69cf5af9)
./test_dataset/ts_img_00498,test_dataset/ts_img_00498.jpg,101,ก,0.8638,133,ล,0.1225,140,อ,0.0048,True,stretch+augment (c80f69cf5af9)
./test_dataset/ts_img_00499,test_dataset/ts_img_00499.jpg,140,อ,0.9389,302,๑,0.0191,203,า,0.015,False,stretch+augment (c80f69cf5af9)
./test_dataset/ts_img_00500,test_dataset/ts_img_00500.jpg,306,๕,0.2785,124,ผ,0.2489,125,ฝ,0.1977,False,stretch+augment (c80f69cf5af9)
